1;[(1, 437, 0.259), (2, 498, 0.195), (3, 484, 0.174), (4, 754, 0.156), (5, 441, 0.154), (6, 856, 0.152), (7, 925, 0.148), (8, 827, 0.146), (9, 499, 0.145), (10, 526, 0.136), (11, 481, 0.136), (12, 533, 0.131), (13, 302, 0.127), (14, 741, 0.126), (15, 1180, 0.123), (16, 568, 0.121), (17, 957, 0.119), (18, 151, 0.117), (19, 711, 0.114), (20, 1188, 0.113), (21, 592, 0.112), (22, 461, 0.11), (23, 27, 0.107), (24, 11, 0.106), (25, 52, 0.104), (26, 53, 0.104), (27, 311, 0.102), (28, 847, 0.1), (29, 392, 0.099), (30, 960, 0.099), (31, 40, 0.098), (32, 463, 0.098), (33, 139, 0.098), (34, 975, 0.097), (35, 1107, 0.092), (36, 1064, 0.091), (37, 265, 0.089), (38, 967, 0.088), (39, 1026, 0.086), (40, 439, 0.084), (41, 980, 0.082), (42, 511, 0.082), (43, 246, 0.075), (44, 962, 0.074), (45, 459, 0.073), (46, 189, 0.072), (47, 789, 0.072), (48, 867, 0.072), (49, 1078, 0.071), (50, 159, 0.071)]
2;[(1, 761, 0.28), (2, 592, 0.229), (3, 160, 0.228), (4, 1170, 0.224), (5, 498, 0.223), (6, 980, 0.207), (7, 1, 0.173), (8, 590, 0.17), (9, 754, 0.161), (10, 437, 0.147), (11, 733, 0.144), (12, 1223, 0.141), (13, 111, 0.125), (14, 925, 0.121), (15, 6, 0.119), (16, 189, 0.118), (17, 1078, 0.117), (18, 297, 0.114), (19, 265, 0.114), (20, 459, 0.113), (21, 769, 0.11), (22, 481, 0.105), (23, 271, 0.105), (24, 1080, 0.102), (25, 912, 0.1), (26, 300, 0.098), (27, 159, 0.097), (28, 62, 0.097), (29, 499, 0.096), (30, 1197, 0.096), (31, 133, 0.095), (32, 711, 0.095), (33, 11, 0.095), (34, 555, 0.093), (35, 301, 0.091), (36, 333, 0.089), (37, 151, 0.087), (38, 511, 0.086), (39, 179, 0.086), (40, 1109, 0.083), (41, 1071, 0.082), (42, 463, 0.082), (43, 1211, 0.082), (44, 452, 0.082), (45, 1125, 0.08), (46, 478, 0.079), (47, 25, 0.077), (48, 80, 0.076), (49, 427, 0.076), (50, 975, 0.076)]
3;[(1, 1206, 0.249), (2, 856, 0.248), (3, 2, 0.185), (4, 959, 0.184), (5, 1196, 0.177), (6, 680, 0.175), (7, 307, 0.175), (8, 633, 0.17), (9, 77, 0.168), (10, 635, 0.157), (11, 1064, 0.156), (12, 462, 0.148), (13, 150, 0.144), (14, 852, 0.136), (15, 55, 0.136), (16, 500, 0.133), (17, 901, 0.122), (18, 367, 0.121), (19, 466, 0.118), (20, 439, 0.114), (21, 218, 0.114), (22, 1165, 0.109), (23, 805, 0.109), (24, 320, 0.107), (25, 958, 0.107), (26, 956, 0.106), (27, 851, 0.104), (28, 754, 0.104), (29, 1161, 0.104), (30, 850, 0.104), (31, 1237, 0.1), (32, 848, 0.099), (33, 196, 0.098), (34, 51, 0.096), (35, 28, 0.095), (36, 715, 0.094), (37, 147, 0.094), (38, 356, 0.092), (39, 32, 0.09), (40, 584, 0.089), (41, 528, 0.087), (42, 1049, 0.086), (43, 23, 0.085), (44, 317, 0.084), (45, 978, 0.083), (46, 1209, 0.083), (47, 65, 0.08), (48, 602, 0.079), (49, 505, 0.079), (50, 620, 0.079)]
4;[(1, 715, 0.323), (2, 441, 0.222), (3, 928, 0.213), (4, 160, 0.19), (5, 761, 0.189), (6, 357, 0.183), (7, 725, 0.167), (8, 497, 0.167), (9, 820, 0.161), (10, 374, 0.153), (11, 568, 0.148), (12, 311, 0.142), (13, 503, 0.125), (14, 867, 0.123), (15, 1197, 0.12), (16, 856, 0.118), (17, 991, 0.112), (18, 439, 0.11), (19, 11, 0.11), (20, 375, 0.104), (21, 711, 0.1), (22, 875, 0.1), (23, 1170, 0.098), (24, 604, 0.095), (25, 515, 0.093), (26, 402, 0.092), (27, 1067, 0.088), (28, 1030, 0.088), (29, 189, 0.088), (30, 912, 0.087), (31, 137, 0.086), (32, 835, 0.085), (33, 669, 0.085), (34, 135, 0.083), (35, 876, 0.083), (36, 980, 0.082), (37, 498, 0.08), (38, 733, 0.079), (39, 736, 0.079), (40, 1192, 0.078), (41, 1080, 0.077), (42, 590, 0.077), (43, 1039, 0.076), (44, 148, 0.076), (45, 25, 0.076), (46, 1, 0.075), (47, 253, 0.074), (48, 710, 0.073), (49, 440, 0.071), (50, 1229, 0.071)]
5;[(1, 498, 0.337), (2, 925, 0.241), (3, 754, 0.231), (4, 437, 0.224), (5, 300, 0.195), (6, 592, 0.194), (7, 151, 0.194), (8, 481, 0.192), (9, 975, 0.169), (10, 594, 0.163), (11, 827, 0.16), (12, 1064, 0.157), (13, 501, 0.157), (14, 499, 0.156), (15, 711, 0.156), (16, 463, 0.156), (17, 980, 0.141), (18, 265, 0.133), (19, 867, 0.112), (20, 441, 0.11), (21, 909, 0.109), (22, 1110, 0.105), (23, 266, 0.1), (24, 1057, 0.099), (25, 564, 0.095), (26, 210, 0.094), (27, 511, 0.09), (28, 364, 0.09), (29, 204, 0.088), (30, 32, 0.084), (31, 1135, 0.083), (32, 1105, 0.082), (33, 776, 0.08), (34, 357, 0.079), (35, 1072, 0.079), (36, 811, 0.079), (37, 1238, 0.077), (38, 623, 0.076), (39, 608, 0.072), (40, 270, 0.071), (41, 496, 0.071), (42, 1063, 0.07), (43, 856, 0.069), (44, 1237, 0.069), (45, 478, 0.068), (46, 133, 0.067), (47, 1145, 0.066), (48, 977, 0.066), (49, 568, 0.064), (50, 1141, 0.061)]
6;[(1, 31, 0.305), (2, 47, 0.284), (3, 441, 0.276), (4, 593, 0.241), (5, 976, 0.234), (6, 805, 0.227), (7, 577, 0.18), (8, 1164, 0.16), (9, 497, 0.144), (10, 347, 0.141), (11, 496, 0.141), (12, 844, 0.135), (13, 27, 0.132), (14, 592, 0.125), (15, 802, 0.123), (16, 546, 0.121), (17, 820, 0.119), (18, 109, 0.117), (19, 986, 0.116), (20, 374, 0.116), (21, 856, 0.113), (22, 533, 0.113), (23, 439, 0.11), (24, 503, 0.108), (25, 119, 0.106), (26, 463, 0.104), (27, 447, 0.103), (28, 875, 0.101), (29, 369, 0.098), (30, 1169, 0.098), (31, 1005, 0.096), (32, 988, 0.096), (33, 980, 0.094), (34, 437, 0.092), (35, 189, 0.091), (36, 1048, 0.09), (37, 253, 0.089), (38, 629, 0.088), (39, 1099, 0.087), (40, 137, 0.087), (41, 975, 0.086), (42, 887, 0.085), (43, 987, 0.083), (44, 1229, 0.082), (45, 294, 0.082), (46, 1149, 0.082), (47, 55, 0.081), (48, 1095, 0.08), (49, 1138, 0.08), (50, 67, 0.079)]
7;[(1, 856, 0.229), (2, 1064, 0.213), (3, 498, 0.209), (4, 754, 0.186), (5, 1196, 0.172), (6, 307, 0.168), (7, 437, 0.164), (8, 466, 0.156), (9, 680, 0.152), (10, 151, 0.15), (11, 463, 0.141), (12, 958, 0.131), (13, 925, 0.128), (14, 711, 0.127), (15, 481, 0.125), (16, 901, 0.12), (17, 55, 0.118), (18, 256, 0.116), (19, 975, 0.116), (20, 500, 0.115), (21, 1206, 0.112), (22, 320, 0.105), (23, 441, 0.102), (24, 805, 0.101), (25, 439, 0.099), (26, 1058, 0.098), (27, 592, 0.097), (28, 848, 0.097), (29, 499, 0.096), (30, 1161, 0.09), (31, 633, 0.087), (32, 195, 0.087), (33, 960, 0.086), (34, 196, 0.085), (35, 11, 0.085), (36, 51, 0.083), (37, 883, 0.082), (38, 972, 0.081), (39, 147, 0.081), (40, 769, 0.08), (41, 827, 0.08), (42, 755, 0.079), (43, 501, 0.079), (44, 369, 0.078), (45, 228, 0.078), (46, 1238, 0.077), (47, 265, 0.077), (48, 421, 0.076), (49, 1165, 0.076), (50, 528, 0.075)]
8;[(1, 160, 0.188), (2, 761, 0.154), (3, 624, 0.147), (4, 531, 0.12), (5, 1170, 0.119), (6, 1030, 0.112), (7, 11, 0.106), (8, 118, 0.102), (9, 124, 0.099), (10, 322, 0.097), (11, 138, 0.094), (12, 233, 0.091), (13, 417, 0.09), (14, 65, 0.089), (15, 210, 0.088), (16, 145, 0.086), (17, 442, 0.085), (18, 529, 0.085), (19, 1053, 0.084), (20, 439, 0.084), (21, 437, 0.08), (22, 655, 0.078), (23, 32, 0.076), (24, 35, 0.075), (25, 853, 0.075), (26, 33, 0.073), (27, 1067, 0.072), (28, 571, 0.072), (29, 912, 0.071), (30, 834, 0.07), (31, 381, 0.07), (32, 930, 0.069), (33, 792, 0.068), (34, 621, 0.068), (35, 297, 0.068), (36, 980, 0.067), (37, 754, 0.067), (38, 680, 0.067), (39, 711, 0.065), (40, 736, 0.064), (41, 733, 0.064), (42, 51, 0.064), (43, 265, 0.064), (44, 1080, 0.063), (45, 590, 0.063), (46, 55, 0.063), (47, 1202, 0.062), (48, 148, 0.062), (49, 25, 0.062), (50, 1, 0.062)]
9;[(1, 414, 0.287), (2, 870, 0.284), (3, 165, 0.236), (4, 545, 0.233), (5, 157, 0.224), (6, 59, 0.219), (7, 296, 0.217), (8, 1108, 0.216), (9, 720, 0.216), (10, 878, 0.215), (11, 1190, 0.209), (12, 581, 0.194), (13, 1013, 0.191), (14, 204, 0.189), (15, 676, 0.186), (16, 174, 0.174), (17, 1184, 0.166), (18, 1106, 0.162), (19, 747, 0.152), (20, 1088, 0.149), (21, 752, 0.149), (22, 690, 0.147), (23, 854, 0.146), (24, 99, 0.146), (25, 355, 0.136), (26, 1107, 0.125), (27, 339, 0.122), (28, 63, 0.121), (29, 866, 0.12), (30, 14, 0.119), (31, 549, 0.118), (32, 794, 0.11), (33, 863, 0.109), (34, 408, 0.108), (35, 582, 0.106), (36, 126, 0.104), (37, 333, 0.102), (38, 149, 0.1), (39, 1115, 0.098), (40, 708, 0.094), (41, 1162, 0.092), (42, 974, 0.09), (43, 985, 0.085), (44, 1239, 0.083), (45, 1018, 0.082), (46, 857, 0.08), (47, 468, 0.08), (48, 426, 0.077), (49, 919, 0.077), (50, 756, 0.075)]
10;[(1, 414, 0.32), (2, 1108, 0.273), (3, 676, 0.272), (4, 1190, 0.25), (5, 878, 0.25), (6, 157, 0.25), (7, 159, 0.192), (8, 510, 0.189), (9, 296, 0.188), (10, 1234, 0.186), (11, 1218, 0.178), (12, 165, 0.173), (13, 1106, 0.172), (14, 438, 0.17), (15, 581, 0.161), (16, 1180, 0.16), (17, 326, 0.159), (18, 794, 0.149), (19, 963, 0.134), (20, 552, 0.132), (21, 1115, 0.13), (22, 126, 0.128), (23, 914, 0.127), (24, 1239, 0.122), (25, 1107, 0.122), (26, 90, 0.115), (27, 974, 0.11), (28, 943, 0.11), (29, 897, 0.11), (30, 767, 0.109), (31, 1165, 0.107), (32, 985, 0.104), (33, 806, 0.103), (34, 799, 0.102), (35, 992, 0.1), (36, 468, 0.098), (37, 1171, 0.098), (38, 81, 0.092), (39, 945, 0.089), (40, 27, 0.088), (41, 1071, 0.087), (42, 936, 0.083), (43, 715, 0.083), (44, 389, 0.083), (45, 1112, 0.082), (46, 1066, 0.082), (47, 804, 0.081), (48, 19, 0.081), (49, 473, 0.079), (50, 1102, 0.078)]
11;[(1, 991, 0.374), (2, 96, 0.316), (3, 649, 0.265), (4, 835, 0.262), (5, 659, 0.241), (6, 799, 0.237), (7, 1064, 0.227), (8, 908, 0.217), (9, 798, 0.214), (10, 483, 0.2), (11, 319, 0.182), (12, 909, 0.179), (13, 834, 0.169), (14, 697, 0.167), (15, 234, 0.162), (16, 518, 0.156), (17, 192, 0.154), (18, 796, 0.152), (19, 1119, 0.152), (20, 318, 0.151), (21, 10, 0.151), (22, 959, 0.149), (23, 1002, 0.143), (24, 775, 0.142), (25, 900, 0.137), (26, 1014, 0.129), (27, 33, 0.128), (28, 470, 0.125), (29, 713, 0.125), (30, 482, 0.123), (31, 772, 0.121), (32, 35, 0.118), (33, 1028, 0.114), (34, 849, 0.112), (35, 836, 0.107), (36, 1178, 0.101), (37, 831, 0.101), (38, 173, 0.1), (39, 1176, 0.093), (40, 396, 0.093), (41, 186, 0.092), (42, 1226, 0.091), (43, 38, 0.089), (44, 71, 0.089), (45, 1113, 0.088), (46, 99, 0.088), (47, 489, 0.087), (48, 877, 0.084), (49, 333, 0.084), (50, 1194, 0.084)]
12;[(1, 834, 0.207), (2, 383, 0.183), (3, 125, 0.17), (4, 288, 0.157), (5, 381, 0.157), (6, 205, 0.152), (7, 1051, 0.148), (8, 919, 0.147), (9, 896, 0.141), (10, 711, 0.141), (11, 46, 0.141), (12, 140, 0.14), (13, 490, 0.136), (14, 566, 0.134), (15, 278, 0.133), (16, 772, 0.129), (17, 32, 0.12), (18, 775, 0.116), (19, 872, 0.114), (20, 538, 0.112), (21, 289, 0.11), (22, 322, 0.109), (23, 605, 0.107), (24, 1103, 0.105), (25, 928, 0.105), (26, 1237, 0.103), (27, 658, 0.103), (28, 504, 0.101), (29, 424, 0.099), (30, 715, 0.096), (31, 1200, 0.092), (32, 649, 0.092), (33, 287, 0.088), (34, 233, 0.088), (35, 570, 0.088), (36, 443, 0.087), (37, 23, 0.087), (38, 186, 0.084), (39, 35, 0.084), (40, 1017, 0.082), (41, 1239, 0.079), (42, 765, 0.079), (43, 428, 0.078), (44, 172, 0.078), (45, 1013, 0.077), (46, 1050, 0.076), (47, 924, 0.076), (48, 1030, 0.076), (49, 688, 0.076), (50, 123, 0.076)]
13;[(1, 902, 0.321), (2, 1124, 0.267), (3, 314, 0.181), (4, 652, 0.158), (5, 978, 0.146), (6, 944, 0.128), (7, 915, 0.126), (8, 1122, 0.121), (9, 571, 0.114), (10, 499, 0.114), (11, 1205, 0.106), (12, 1186, 0.099), (13, 793, 0.096), (14, 682, 0.093), (15, 1180, 0.093), (16, 1008, 0.093), (17, 63, 0.091), (18, 10, 0.091), (19, 370, 0.089), (20, 770, 0.089), (21, 156, 0.089), (22, 690, 0.088), (23, 905, 0.087), (24, 479, 0.086), (25, 879, 0.085), (26, 333, 0.084), (27, 435, 0.083), (28, 784, 0.083), (29, 180, 0.082), (30, 647, 0.081), (31, 920, 0.08), (32, 1134, 0.08), (33, 524, 0.079), (34, 67, 0.078), (35, 791, 0.077), (36, 919, 0.075), (37, 1065, 0.073), (38, 540, 0.073), (39, 208, 0.073), (40, 921, 0.073), (41, 164, 0.07), (42, 159, 0.069), (43, 496, 0.067), (44, 964, 0.067), (45, 366, 0.066), (46, 174, 0.066), (47, 962, 0.065), (48, 890, 0.064), (49, 188, 0.063), (50, 11, 0.063)]
14;[(1, 791, 0.333), (2, 798, 0.275), (3, 643, 0.217), (4, 150, 0.209), (5, 1214, 0.202), (6, 920, 0.173), (7, 959, 0.157), (8, 440, 0.156), (9, 719, 0.149), (10, 174, 0.142), (11, 928, 0.142), (12, 204, 0.142), (13, 584, 0.139), (14, 1206, 0.13), (15, 210, 0.128), (16, 314, 0.126), (17, 802, 0.125), (18, 688, 0.124), (19, 1151, 0.121), (20, 913, 0.119), (21, 404, 0.117), (22, 916, 0.115), (23, 815, 0.113), (24, 96, 0.111), (25, 755, 0.109), (26, 64, 0.109), (27, 129, 0.108), (28, 645, 0.107), (29, 68, 0.105), (30, 635, 0.103), (31, 899, 0.101), (32, 1134, 0.101), (33, 1149, 0.101), (34, 930, 0.101), (35, 370, 0.1), (36, 242, 0.099), (37, 852, 0.097), (38, 211, 0.096), (39, 1081, 0.095), (40, 770, 0.093), (41, 1234, 0.093), (42, 515, 0.093), (43, 462, 0.091), (44, 451, 0.09), (45, 657, 0.089), (46, 465, 0.087), (47, 1101, 0.085), (48, 715, 0.083), (49, 915, 0.082), (50, 443, 0.082)]
15;[(1, 822, 0.188), (2, 601, 0.176), (3, 398, 0.157), (4, 443, 0.152), (5, 837, 0.14), (6, 359, 0.124), (7, 370, 0.115), (8, 333, 0.108), (9, 1062, 0.101), (10, 1013, 0.099), (11, 64, 0.094), (12, 474, 0.092), (13, 642, 0.09), (14, 422, 0.087), (15, 770, 0.085), (16, 603, 0.083), (17, 207, 0.082), (18, 99, 0.082), (19, 994, 0.08), (20, 96, 0.079), (21, 156, 0.077), (22, 549, 0.075), (23, 59, 0.075), (24, 882, 0.073), (25, 1226, 0.072), (26, 733, 0.071), (27, 978, 0.071), (28, 921, 0.07), (29, 17, 0.07), (30, 991, 0.069), (31, 499, 0.068), (32, 1087, 0.064), (33, 190, 0.061), (34, 473, 0.061), (35, 842, 0.06), (36, 1192, 0.06), (37, 1083, 0.058), (38, 327, 0.057), (39, 967, 0.057), (40, 843, 0.056), (41, 788, 0.055), (42, 331, 0.055), (43, 516, 0.054), (44, 1012, 0.054), (45, 1234, 0.054), (46, 401, 0.053), (47, 1104, 0.053), (48, 997, 0.052), (49, 69, 0.052), (50, 545, 0.052)]
16;[(1, 991, 0.264), (2, 649, 0.247), (3, 96, 0.235), (4, 333, 0.219), (5, 835, 0.214), (6, 659, 0.206), (7, 799, 0.177), (8, 1064, 0.169), (9, 483, 0.163), (10, 908, 0.162), (11, 1226, 0.156), (12, 234, 0.156), (13, 204, 0.154), (14, 798, 0.152), (15, 443, 0.152), (16, 1119, 0.147), (17, 870, 0.147), (18, 319, 0.147), (19, 301, 0.141), (20, 473, 0.132), (21, 834, 0.126), (22, 690, 0.126), (23, 518, 0.126), (24, 697, 0.124), (25, 1174, 0.124), (26, 747, 0.124), (27, 752, 0.122), (28, 1184, 0.12), (29, 854, 0.119), (30, 38, 0.117), (31, 875, 0.117), (32, 1028, 0.113), (33, 318, 0.113), (34, 763, 0.109), (35, 909, 0.108), (36, 1002, 0.106), (37, 775, 0.106), (38, 1013, 0.104), (39, 900, 0.102), (40, 339, 0.1), (41, 59, 0.099), (42, 549, 0.097), (43, 1014, 0.096), (44, 33, 0.095), (45, 470, 0.093), (46, 713, 0.093), (47, 482, 0.092), (48, 398, 0.091), (49, 849, 0.091), (50, 772, 0.09)]
17;[(1, 791, 0.231), (2, 150, 0.18), (3, 810, 0.164), (4, 89, 0.161), (5, 816, 0.156), (6, 823, 0.155), (7, 1107, 0.152), (8, 643, 0.148), (9, 1055, 0.146), (10, 852, 0.133), (11, 1128, 0.133), (12, 830, 0.131), (13, 603, 0.128), (14, 928, 0.124), (15, 847, 0.124), (16, 1053, 0.123), (17, 327, 0.122), (18, 959, 0.118), (19, 506, 0.116), (20, 424, 0.115), (21, 1206, 0.112), (22, 813, 0.111), (23, 359, 0.109), (24, 635, 0.109), (25, 1101, 0.108), (26, 798, 0.108), (27, 645, 0.107), (28, 392, 0.105), (29, 688, 0.104), (30, 725, 0.103), (31, 200, 0.103), (32, 332, 0.102), (33, 770, 0.099), (34, 755, 0.098), (35, 542, 0.095), (36, 1081, 0.095), (37, 510, 0.094), (38, 696, 0.094), (39, 1008, 0.093), (40, 1103, 0.093), (41, 90, 0.093), (42, 362, 0.092), (43, 1234, 0.09), (44, 96, 0.09), (45, 205, 0.09), (46, 489, 0.09), (47, 715, 0.088), (48, 379, 0.088), (49, 21, 0.088), (50, 936, 0.088)]
18;[(1, 1016, 0.339), (2, 205, 0.258), (3, 423, 0.249), (4, 993, 0.198), (5, 658, 0.189), (6, 129, 0.184), (7, 424, 0.176), (8, 313, 0.153), (9, 185, 0.137), (10, 994, 0.137), (11, 844, 0.137), (12, 992, 0.13), (13, 816, 0.128), (14, 1215, 0.119), (15, 657, 0.112), (16, 660, 0.112), (17, 1107, 0.108), (18, 656, 0.103), (19, 642, 0.103), (20, 813, 0.098), (21, 688, 0.096), (22, 676, 0.09), (23, 991, 0.09), (24, 220, 0.088), (25, 725, 0.087), (26, 153, 0.081), (27, 282, 0.078), (28, 326, 0.077), (29, 82, 0.072), (30, 1162, 0.072), (31, 156, 0.071), (32, 581, 0.07), (33, 900, 0.068), (34, 510, 0.067), (35, 806, 0.065), (36, 1168, 0.065), (37, 291, 0.065), (38, 157, 0.065), (39, 181, 0.063), (40, 804, 0.062), (41, 1013, 0.059), (42, 1158, 0.059), (43, 227, 0.058), (44, 292, 0.057), (45, 888, 0.056), (46, 550, 0.056), (47, 990, 0.055), (48, 540, 0.055), (49, 359, 0.054), (50, 696, 0.053)]
19;[(1, 150, 0.208), (2, 791, 0.204), (3, 643, 0.19), (4, 852, 0.187), (5, 1234, 0.18), (6, 770, 0.174), (7, 510, 0.172), (8, 1055, 0.169), (9, 1101, 0.166), (10, 159, 0.157), (11, 1128, 0.153), (12, 928, 0.144), (13, 392, 0.143), (14, 798, 0.142), (15, 438, 0.139), (16, 959, 0.136), (17, 1180, 0.131), (18, 326, 0.13), (19, 1206, 0.129), (20, 936, 0.129), (21, 635, 0.126), (22, 1107, 0.125), (23, 914, 0.125), (24, 645, 0.123), (25, 657, 0.121), (26, 688, 0.12), (27, 823, 0.119), (28, 725, 0.119), (29, 1053, 0.117), (30, 767, 0.115), (31, 559, 0.115), (32, 660, 0.114), (33, 755, 0.113), (34, 197, 0.111), (35, 963, 0.11), (36, 506, 0.106), (37, 96, 0.104), (38, 205, 0.104), (39, 715, 0.102), (40, 333, 0.102), (41, 210, 0.102), (42, 262, 0.101), (43, 916, 0.1), (44, 915, 0.1), (45, 301, 0.1), (46, 837, 0.099), (47, 648, 0.098), (48, 398, 0.096), (49, 816, 0.096), (50, 616, 0.096)]
20;[(1, 278, 0.457), (2, 919, 0.339), (3, 126, 0.306), (4, 286, 0.278), (5, 711, 0.242), (6, 283, 0.24), (7, 1239, 0.231), (8, 715, 0.228), (9, 1215, 0.224), (10, 208, 0.22), (11, 538, 0.219), (12, 292, 0.206), (13, 928, 0.203), (14, 662, 0.198), (15, 1066, 0.193), (16, 758, 0.189), (17, 1050, 0.169), (18, 287, 0.162), (19, 816, 0.161), (20, 752, 0.153), (21, 205, 0.15), (22, 540, 0.144), (23, 207, 0.144), (24, 924, 0.143), (25, 424, 0.141), (26, 288, 0.133), (27, 810, 0.132), (28, 970, 0.13), (29, 1103, 0.126), (30, 332, 0.126), (31, 1078, 0.123), (32, 1087, 0.119), (33, 1168, 0.118), (34, 89, 0.112), (35, 823, 0.11), (36, 658, 0.11), (37, 962, 0.103), (38, 381, 0.103), (39, 1081, 0.101), (40, 314, 0.092), (41, 813, 0.091), (42, 460, 0.091), (43, 359, 0.09), (44, 1030, 0.089), (45, 539, 0.089), (46, 563, 0.088), (47, 603, 0.087), (48, 615, 0.084), (49, 883, 0.081), (50, 123, 0.081)]
21;[(1, 68, 0.344), (2, 251, 0.313), (3, 709, 0.222), (4, 791, 0.204), (5, 928, 0.203), (6, 715, 0.199), (7, 643, 0.197), (8, 1158, 0.179), (9, 1206, 0.164), (10, 657, 0.155), (11, 830, 0.144), (12, 234, 0.143), (13, 98, 0.141), (14, 688, 0.132), (15, 150, 0.132), (16, 96, 0.132), (17, 635, 0.129), (18, 424, 0.123), (19, 959, 0.118), (20, 755, 0.116), (21, 798, 0.108), (22, 852, 0.103), (23, 1017, 0.102), (24, 770, 0.099), (25, 810, 0.097), (26, 462, 0.096), (27, 205, 0.095), (28, 523, 0.094), (29, 332, 0.094), (30, 719, 0.093), (31, 899, 0.092), (32, 616, 0.09), (33, 1101, 0.09), (34, 210, 0.088), (35, 421, 0.087), (36, 915, 0.087), (37, 449, 0.082), (38, 1033, 0.081), (39, 645, 0.08), (40, 1062, 0.08), (41, 1000, 0.08), (42, 828, 0.079), (43, 301, 0.079), (44, 815, 0.078), (45, 164, 0.077), (46, 314, 0.076), (47, 913, 0.076), (48, 443, 0.074), (49, 900, 0.074), (50, 1016, 0.073)]
22;[(1, 871, 0.444), (2, 104, 0.225), (3, 1144, 0.207), (4, 874, 0.204), (5, 328, 0.203), (6, 671, 0.183), (7, 365, 0.164), (8, 881, 0.164), (9, 392, 0.149), (10, 510, 0.144), (11, 451, 0.129), (12, 610, 0.118), (13, 901, 0.106), (14, 480, 0.106), (15, 248, 0.101), (16, 212, 0.1), (17, 343, 0.096), (18, 782, 0.095), (19, 264, 0.095), (20, 1208, 0.086), (21, 567, 0.085), (22, 958, 0.085), (23, 683, 0.082), (24, 113, 0.081), (25, 855, 0.08), (26, 665, 0.077), (27, 167, 0.076), (28, 589, 0.075), (29, 42, 0.072), (30, 934, 0.071), (31, 514, 0.07), (32, 1091, 0.069), (33, 469, 0.069), (34, 177, 0.067), (35, 1034, 0.065), (36, 7, 0.06), (37, 627, 0.06), (38, 892, 0.059), (39, 889, 0.059), (40, 439, 0.059), (41, 1149, 0.057), (42, 664, 0.056), (43, 646, 0.056), (44, 888, 0.056), (45, 822, 0.054), (46, 1116, 0.054), (47, 820, 0.054), (48, 982, 0.053), (49, 771, 0.053), (50, 120, 0.053)]
23;[(1, 46, 0.2), (2, 247, 0.159), (3, 1114, 0.144), (4, 874, 0.142), (5, 60, 0.136), (6, 197, 0.128), (7, 545, 0.124), (8, 768, 0.115), (9, 841, 0.109), (10, 1080, 0.107), (11, 432, 0.106), (12, 99, 0.102), (13, 9, 0.101), (14, 902, 0.1), (15, 241, 0.094), (16, 138, 0.094), (17, 652, 0.094), (18, 1228, 0.09), (19, 51, 0.088), (20, 490, 0.086), (21, 427, 0.083), (22, 237, 0.083), (23, 1018, 0.082), (24, 863, 0.08), (25, 437, 0.08), (26, 134, 0.079), (27, 1091, 0.077), (28, 240, 0.077), (29, 167, 0.074), (30, 1178, 0.072), (31, 476, 0.072), (32, 1137, 0.071), (33, 770, 0.071), (34, 486, 0.071), (35, 582, 0.07), (36, 116, 0.069), (37, 779, 0.068), (38, 42, 0.067), (39, 346, 0.067), (40, 78, 0.066), (41, 666, 0.066), (42, 343, 0.063), (43, 149, 0.063), (44, 428, 0.061), (45, 728, 0.061), (46, 12, 0.059), (47, 978, 0.058), (48, 1148, 0.058), (49, 820, 0.058), (50, 334, 0.057)]
24;[(1, 793, 0.134), (2, 477, 0.134), (3, 1007, 0.11), (4, 566, 0.105), (5, 1195, 0.092), (6, 309, 0.089), (7, 913, 0.082), (8, 23, 0.076), (9, 45, 0.073), (10, 541, 0.072), (11, 285, 0.072), (12, 62, 0.071), (13, 1171, 0.07), (14, 887, 0.07), (15, 959, 0.068), (16, 72, 0.067), (17, 804, 0.067), (18, 586, 0.064), (19, 429, 0.064), (20, 347, 0.064), (21, 100, 0.064), (22, 188, 0.061), (23, 1005, 0.06), (24, 20, 0.06), (25, 55, 0.059), (26, 346, 0.059), (27, 964, 0.058), (28, 936, 0.058), (29, 1062, 0.058), (30, 969, 0.057), (31, 571, 0.057), (32, 416, 0.057), (33, 812, 0.056), (34, 935, 0.056), (35, 159, 0.056), (36, 164, 0.054), (37, 19, 0.054), (38, 1110, 0.053), (39, 402, 0.053), (40, 771, 0.052), (41, 989, 0.052), (42, 677, 0.052), (43, 63, 0.052), (44, 998, 0.052), (45, 243, 0.052), (46, 611, 0.051), (47, 332, 0.051), (48, 550, 0.051), (49, 218, 0.051), (50, 915, 0.051)]
25;[(1, 1194, 0.145), (2, 104, 0.143), (3, 1031, 0.138), (4, 366, 0.129), (5, 72, 0.122), (6, 1211, 0.122), (7, 464, 0.121), (8, 1163, 0.119), (9, 913, 0.117), (10, 1001, 0.116), (11, 142, 0.114), (12, 566, 0.111), (13, 236, 0.108), (14, 281, 0.105), (15, 570, 0.102), (16, 297, 0.102), (17, 881, 0.1), (18, 926, 0.1), (19, 342, 0.1), (20, 645, 0.1), (21, 874, 0.1), (22, 634, 0.098), (23, 14, 0.094), (24, 1201, 0.092), (25, 203, 0.092), (26, 811, 0.091), (27, 548, 0.089), (28, 431, 0.083), (29, 225, 0.082), (30, 365, 0.081), (31, 583, 0.079), (32, 106, 0.079), (33, 328, 0.076), (34, 247, 0.076), (35, 237, 0.076), (36, 485, 0.076), (37, 74, 0.074), (38, 569, 0.073), (39, 254, 0.073), (40, 411, 0.071), (41, 807, 0.069), (42, 215, 0.069), (43, 304, 0.068), (44, 197, 0.068), (45, 584, 0.067), (46, 111, 0.066), (47, 43, 0.066), (48, 921, 0.066), (49, 407, 0.065), (50, 477, 0.065)]
26;[(1, 104, 0.212), (2, 1061, 0.2), (3, 881, 0.174), (4, 338, 0.136), (5, 442, 0.132), (6, 584, 0.129), (7, 851, 0.125), (8, 807, 0.12), (9, 617, 0.116), (10, 289, 0.11), (11, 217, 0.108), (12, 530, 0.107), (13, 199, 0.103), (14, 1210, 0.101), (15, 494, 0.099), (16, 740, 0.097), (17, 610, 0.097), (18, 1156, 0.093), (19, 264, 0.09), (20, 966, 0.09), (21, 433, 0.088), (22, 420, 0.088), (23, 842, 0.088), (24, 407, 0.085), (25, 293, 0.077), (26, 1144, 0.077), (27, 583, 0.074), (28, 553, 0.072), (29, 1166, 0.072), (30, 1026, 0.07), (31, 221, 0.066), (32, 515, 0.066), (33, 69, 0.064), (34, 510, 0.063), (35, 785, 0.062), (36, 337, 0.06), (37, 1001, 0.059), (38, 503, 0.059), (39, 470, 0.057), (40, 281, 0.054), (41, 235, 0.052), (42, 112, 0.052), (43, 1198, 0.051), (44, 1234, 0.049), (45, 1236, 0.048), (46, 370, 0.047), (47, 1160, 0.046), (48, 465, 0.046), (49, 1185, 0.045), (50, 1238, 0.044)]
27;[(1, 905, 0.303), (2, 599, 0.229), (3, 822, 0.169), (4, 370, 0.122), (5, 921, 0.116), (6, 1122, 0.11), (7, 571, 0.104), (8, 499, 0.097), (9, 69, 0.093), (10, 611, 0.091), (11, 333, 0.089), (12, 1192, 0.084), (13, 977, 0.081), (14, 915, 0.079), (15, 435, 0.076), (16, 180, 0.075), (17, 866, 0.072), (18, 867, 0.072), (19, 443, 0.072), (20, 766, 0.067), (21, 540, 0.067), (22, 1134, 0.066), (23, 1213, 0.065), (24, 944, 0.065), (25, 1180, 0.062), (26, 760, 0.062), (27, 1083, 0.061), (28, 67, 0.061), (29, 710, 0.06), (30, 995, 0.058), (31, 359, 0.058), (32, 207, 0.058), (33, 793, 0.058), (34, 96, 0.056), (35, 997, 0.056), (36, 392, 0.055), (37, 1065, 0.052), (38, 882, 0.052), (39, 784, 0.05), (40, 949, 0.048), (41, 63, 0.046), (42, 505, 0.045), (43, 1186, 0.045), (44, 634, 0.045), (45, 190, 0.043), (46, 1156, 0.043), (47, 473, 0.043), (48, 1212, 0.043), (49, 278, 0.043), (50, 1066, 0.042)]
28;[(1, 477, 0.209), (2, 871, 0.2), (3, 351, 0.179), (4, 594, 0.151), (5, 352, 0.144), (6, 1166, 0.139), (7, 610, 0.136), (8, 807, 0.131), (9, 398, 0.126), (10, 514, 0.122), (11, 262, 0.112), (12, 720, 0.111), (13, 82, 0.11), (14, 230, 0.103), (15, 611, 0.103), (16, 1083, 0.101), (17, 322, 0.096), (18, 1019, 0.095), (19, 808, 0.095), (20, 107, 0.094), (21, 898, 0.093), (22, 369, 0.092), (23, 559, 0.09), (24, 665, 0.089), (25, 402, 0.089), (26, 848, 0.084), (27, 1094, 0.084), (28, 317, 0.079), (29, 215, 0.076), (30, 1084, 0.076), (31, 427, 0.075), (32, 342, 0.071), (33, 1192, 0.07), (34, 968, 0.07), (35, 9, 0.065), (36, 956, 0.063), (37, 474, 0.062), (38, 1061, 0.061), (39, 727, 0.061), (40, 1176, 0.06), (41, 1239, 0.059), (42, 1169, 0.058), (43, 38, 0.058), (44, 468, 0.057), (45, 1174, 0.057), (46, 982, 0.052), (47, 13, 0.052), (48, 984, 0.052), (49, 29, 0.052), (50, 550, 0.051)]
29;[(1, 799, 0.173), (2, 107, 0.146), (3, 1214, 0.129), (4, 230, 0.12), (5, 611, 0.119), (6, 610, 0.105), (7, 687, 0.101), (8, 215, 0.101), (9, 1239, 0.1), (10, 975, 0.1), (11, 768, 0.098), (12, 1198, 0.097), (13, 484, 0.095), (14, 957, 0.089), (15, 398, 0.089), (16, 956, 0.087), (17, 262, 0.087), (18, 1204, 0.087), (19, 505, 0.087), (20, 720, 0.086), (21, 351, 0.085), (22, 240, 0.084), (23, 550, 0.079), (24, 1062, 0.078), (25, 297, 0.075), (26, 808, 0.073), (27, 477, 0.071), (28, 406, 0.07), (29, 254, 0.07), (30, 942, 0.069), (31, 1222, 0.066), (32, 828, 0.065), (33, 848, 0.065), (34, 665, 0.062), (35, 317, 0.061), (36, 562, 0.061), (37, 980, 0.057), (38, 944, 0.057), (39, 1013, 0.056), (40, 1192, 0.054), (41, 817, 0.05), (42, 935, 0.05), (43, 258, 0.05), (44, 854, 0.048), (45, 352, 0.048), (46, 915, 0.047), (47, 1207, 0.045), (48, 1200, 0.045), (49, 180, 0.045), (50, 468, 0.044)]
30;[(1, 1001, 0.298), (2, 216, 0.202), (3, 43, 0.177), (4, 845, 0.17), (5, 557, 0.149), (6, 760, 0.143), (7, 1194, 0.14), (8, 203, 0.139), (9, 1031, 0.138), (10, 825, 0.138), (11, 247, 0.136), (12, 162, 0.133), (13, 477, 0.13), (14, 1224, 0.129), (15, 324, 0.127), (16, 1177, 0.121), (17, 72, 0.119), (18, 819, 0.116), (19, 881, 0.11), (20, 1170, 0.109), (21, 420, 0.104), (22, 464, 0.104), (23, 1080, 0.103), (24, 1084, 0.103), (25, 48, 0.1), (26, 275, 0.096), (27, 14, 0.093), (28, 406, 0.091), (29, 297, 0.087), (30, 911, 0.086), (31, 331, 0.085), (32, 1228, 0.083), (33, 448, 0.083), (34, 883, 0.083), (35, 388, 0.083), (36, 170, 0.083), (37, 108, 0.081), (38, 920, 0.08), (39, 846, 0.08), (40, 254, 0.08), (41, 218, 0.079), (42, 880, 0.078), (43, 1022, 0.078), (44, 1013, 0.077), (45, 211, 0.076), (46, 133, 0.076), (47, 913, 0.075), (48, 197, 0.075), (49, 1133, 0.073), (50, 761, 0.073)]
31;[(1, 433, 0.312), (2, 332, 0.191), (3, 760, 0.185), (4, 845, 0.155), (5, 216, 0.152), (6, 43, 0.142), (7, 651, 0.129), (8, 970, 0.121), (9, 1033, 0.111), (10, 1108, 0.093), (11, 586, 0.091), (12, 1104, 0.088), (13, 145, 0.086), (14, 1180, 0.085), (15, 108, 0.082), (16, 541, 0.08), (17, 189, 0.08), (18, 812, 0.08), (19, 596, 0.079), (20, 915, 0.079), (21, 467, 0.079), (22, 1024, 0.078), (23, 162, 0.077), (24, 1182, 0.077), (25, 730, 0.077), (26, 700, 0.076), (27, 962, 0.074), (28, 754, 0.074), (29, 302, 0.074), (30, 459, 0.073), (31, 1123, 0.071), (32, 1078, 0.071), (33, 880, 0.071), (34, 767, 0.071), (35, 159, 0.071), (36, 203, 0.07), (37, 373, 0.069), (38, 958, 0.069), (39, 823, 0.068), (40, 497, 0.068), (41, 11, 0.065), (42, 473, 0.064), (43, 610, 0.064), (44, 237, 0.062), (45, 212, 0.061), (46, 813, 0.06), (47, 316, 0.06), (48, 837, 0.059), (49, 100, 0.058), (50, 1081, 0.058)]
32;[(1, 184, 0.237), (2, 389, 0.188), (3, 159, 0.157), (4, 392, 0.154), (5, 1234, 0.152), (6, 1080, 0.151), (7, 346, 0.142), (8, 438, 0.139), (9, 1180, 0.131), (10, 326, 0.13), (11, 767, 0.124), (12, 302, 0.12), (13, 963, 0.11), (14, 510, 0.109), (15, 219, 0.104), (16, 914, 0.104), (17, 1015, 0.102), (18, 1179, 0.099), (19, 504, 0.097), (20, 90, 0.094), (21, 865, 0.094), (22, 897, 0.089), (23, 385, 0.089), (24, 37, 0.089), (25, 31, 0.089), (26, 445, 0.089), (27, 1165, 0.087), (28, 472, 0.086), (29, 447, 0.085), (30, 806, 0.084), (31, 799, 0.083), (32, 882, 0.082), (33, 370, 0.082), (34, 114, 0.079), (35, 1194, 0.077), (36, 515, 0.076), (37, 754, 0.074), (38, 386, 0.073), (39, 550, 0.072), (40, 188, 0.072), (41, 27, 0.072), (42, 1071, 0.071), (43, 936, 0.068), (44, 838, 0.068), (45, 562, 0.068), (46, 1218, 0.067), (47, 1163, 0.067), (48, 1112, 0.067), (49, 19, 0.066), (50, 444, 0.065)]
33;[(1, 920, 0.237), (2, 916, 0.234), (3, 846, 0.219), (4, 825, 0.214), (5, 612, 0.2), (6, 210, 0.197), (7, 404, 0.193), (8, 480, 0.172), (9, 1186, 0.166), (10, 811, 0.163), (11, 392, 0.154), (12, 1234, 0.152), (13, 1183, 0.149), (14, 818, 0.149), (15, 802, 0.143), (16, 91, 0.141), (17, 471, 0.134), (18, 1105, 0.133), (19, 978, 0.125), (20, 864, 0.117), (21, 1134, 0.117), (22, 403, 0.115), (23, 1109, 0.115), (24, 1215, 0.113), (25, 1113, 0.107), (26, 719, 0.107), (27, 37, 0.106), (28, 445, 0.106), (29, 346, 0.1), (30, 707, 0.098), (31, 721, 0.097), (32, 716, 0.093), (33, 1008, 0.092), (34, 505, 0.091), (35, 444, 0.09), (36, 638, 0.089), (37, 465, 0.089), (38, 302, 0.087), (39, 147, 0.085), (40, 482, 0.084), (41, 207, 0.084), (42, 199, 0.082), (43, 793, 0.08), (44, 1237, 0.08), (45, 165, 0.079), (46, 114, 0.079), (47, 995, 0.078), (48, 94, 0.078), (49, 534, 0.077), (50, 927, 0.076)]
34;[(1, 916, 0.286), (2, 846, 0.278), (3, 795, 0.236), (4, 404, 0.207), (5, 210, 0.196), (6, 471, 0.187), (7, 929, 0.183), (8, 996, 0.178), (9, 773, 0.173), (10, 818, 0.172), (11, 978, 0.159), (12, 1186, 0.153), (13, 920, 0.151), (14, 65, 0.149), (15, 337, 0.146), (16, 1074, 0.139), (17, 1105, 0.137), (18, 638, 0.116), (19, 94, 0.116), (20, 91, 0.116), (21, 817, 0.114), (22, 811, 0.11), (23, 612, 0.11), (24, 611, 0.11), (25, 1183, 0.109), (26, 1215, 0.109), (27, 1182, 0.109), (28, 1176, 0.106), (29, 707, 0.104), (30, 785, 0.103), (31, 716, 0.102), (32, 825, 0.102), (33, 480, 0.1), (34, 689, 0.098), (35, 69, 0.096), (36, 627, 0.095), (37, 1109, 0.095), (38, 797, 0.094), (39, 151, 0.094), (40, 946, 0.093), (41, 877, 0.093), (42, 482, 0.089), (43, 403, 0.086), (44, 981, 0.084), (45, 225, 0.084), (46, 677, 0.082), (47, 913, 0.079), (48, 995, 0.079), (49, 465, 0.077), (50, 33, 0.076)]
35;[(1, 920, 0.269), (2, 916, 0.234), (3, 825, 0.232), (4, 210, 0.225), (5, 846, 0.219), (6, 612, 0.209), (7, 404, 0.208), (8, 65, 0.195), (9, 480, 0.172), (10, 1105, 0.171), (11, 864, 0.167), (12, 1186, 0.166), (13, 471, 0.162), (14, 1183, 0.159), (15, 818, 0.159), (16, 51, 0.152), (17, 310, 0.149), (18, 1134, 0.146), (19, 802, 0.143), (20, 1109, 0.136), (21, 913, 0.136), (22, 1113, 0.134), (23, 793, 0.131), (24, 811, 0.127), (25, 91, 0.126), (26, 978, 0.125), (27, 228, 0.122), (28, 552, 0.122), (29, 716, 0.121), (30, 1237, 0.119), (31, 1206, 0.119), (32, 719, 0.118), (33, 44, 0.115), (34, 403, 0.115), (35, 1215, 0.113), (36, 211, 0.113), (37, 96, 0.112), (38, 207, 0.11), (39, 927, 0.106), (40, 276, 0.104), (41, 147, 0.102), (42, 1081, 0.102), (43, 707, 0.098), (44, 798, 0.098), (45, 94, 0.097), (46, 1234, 0.095), (47, 1178, 0.092), (48, 337, 0.092), (49, 482, 0.092), (50, 1203, 0.09)]
36;[(1, 612, 0.278), (2, 978, 0.245), (3, 1215, 0.231), (4, 480, 0.225), (5, 825, 0.215), (6, 210, 0.192), (7, 846, 0.187), (8, 1183, 0.183), (9, 471, 0.181), (10, 766, 0.18), (11, 913, 0.179), (12, 920, 0.17), (13, 337, 0.169), (14, 1186, 0.167), (15, 916, 0.164), (16, 818, 0.159), (17, 94, 0.151), (18, 811, 0.144), (19, 864, 0.143), (20, 721, 0.142), (21, 1109, 0.14), (22, 1105, 0.14), (23, 929, 0.139), (24, 91, 0.136), (25, 793, 0.134), (26, 55, 0.128), (27, 707, 0.127), (28, 1058, 0.121), (29, 300, 0.121), (30, 147, 0.115), (31, 716, 0.114), (32, 505, 0.111), (33, 297, 0.111), (34, 66, 0.109), (35, 199, 0.109), (36, 677, 0.106), (37, 655, 0.103), (38, 461, 0.103), (39, 1228, 0.102), (40, 1113, 0.099), (41, 96, 0.098), (42, 65, 0.098), (43, 583, 0.096), (44, 927, 0.093), (45, 366, 0.093), (46, 325, 0.092), (47, 1107, 0.092), (48, 758, 0.09), (49, 611, 0.089), (50, 441, 0.089)]
37;[(1, 247, 0.273), (2, 1174, 0.205), (3, 175, 0.197), (4, 334, 0.178), (5, 1117, 0.178), (6, 697, 0.177), (7, 492, 0.172), (8, 817, 0.158), (9, 717, 0.156), (10, 600, 0.15), (11, 946, 0.149), (12, 483, 0.148), (13, 403, 0.147), (14, 379, 0.147), (15, 627, 0.143), (16, 774, 0.142), (17, 491, 0.142), (18, 378, 0.141), (19, 404, 0.139), (20, 266, 0.138), (21, 76, 0.136), (22, 488, 0.133), (23, 1014, 0.128), (24, 1133, 0.127), (25, 482, 0.125), (26, 877, 0.125), (27, 1182, 0.119), (28, 815, 0.116), (29, 818, 0.116), (30, 916, 0.114), (31, 373, 0.113), (32, 120, 0.111), (33, 802, 0.111), (34, 69, 0.108), (35, 796, 0.108), (36, 846, 0.107), (37, 465, 0.103), (38, 1234, 0.103), (39, 910, 0.103), (40, 380, 0.102), (41, 1080, 0.102), (42, 318, 0.102), (43, 903, 0.102), (44, 112, 0.1), (45, 529, 0.099), (46, 1011, 0.098), (47, 476, 0.097), (48, 37, 0.096), (49, 835, 0.095), (50, 1155, 0.095)]
38;[(1, 472, 0.228), (2, 513, 0.207), (3, 752, 0.203), (4, 1183, 0.195), (5, 599, 0.18), (6, 722, 0.17), (7, 207, 0.159), (8, 786, 0.14), (9, 1219, 0.136), (10, 979, 0.13), (11, 1216, 0.125), (12, 846, 0.125), (13, 600, 0.115), (14, 510, 0.111), (15, 258, 0.111), (16, 684, 0.111), (17, 421, 0.108), (18, 99, 0.107), (19, 350, 0.105), (20, 704, 0.102), (21, 611, 0.089), (22, 465, 0.087), (23, 377, 0.087), (24, 95, 0.087), (25, 202, 0.075), (26, 185, 0.068), (27, 161, 0.068), (28, 89, 0.068), (29, 612, 0.067), (30, 858, 0.065), (31, 1005, 0.062), (32, 559, 0.062), (33, 314, 0.054), (34, 14, 0.042), (35, 1239, 0.0), (36, 1238, 0.0), (37, 1237, 0.0), (38, 1236, 0.0), (39, 1235, 0.0), (40, 1234, 0.0), (41, 1233, 0.0), (42, 1232, 0.0), (43, 1231, 0.0), (44, 1230, 0.0), (45, 1229, 0.0), (46, 1228, 0.0), (47, 1227, 0.0), (48, 1226, 0.0), (49, 1225, 0.0), (50, 1224, 0.0)]
39;[(1, 293, 0.162), (2, 356, 0.141), (3, 230, 0.134), (4, 610, 0.125), (5, 786, 0.122), (6, 639, 0.121), (7, 430, 0.121), (8, 645, 0.12), (9, 382, 0.109), (10, 340, 0.108), (11, 1238, 0.108), (12, 339, 0.108), (13, 918, 0.106), (14, 305, 0.105), (15, 281, 0.104), (16, 3, 0.102), (17, 419, 0.102), (18, 571, 0.102), (19, 106, 0.1), (20, 1236, 0.095), (21, 1163, 0.094), (22, 488, 0.092), (23, 860, 0.092), (24, 583, 0.091), (25, 798, 0.088), (26, 1159, 0.085), (27, 906, 0.084), (28, 442, 0.081), (29, 1125, 0.078), (30, 574, 0.078), (31, 479, 0.078), (32, 138, 0.076), (33, 59, 0.075), (34, 85, 0.074), (35, 55, 0.074), (36, 617, 0.073), (37, 199, 0.073), (38, 289, 0.073), (39, 926, 0.071), (40, 1183, 0.07), (41, 752, 0.07), (42, 619, 0.07), (43, 444, 0.069), (44, 249, 0.069), (45, 102, 0.069), (46, 737, 0.068), (47, 83, 0.068), (48, 1135, 0.068), (49, 898, 0.068), (50, 869, 0.068)]
40;[(1, 916, 0.23), (2, 846, 0.22), (3, 1183, 0.211), (4, 1186, 0.21), (5, 210, 0.189), (6, 811, 0.185), (7, 612, 0.178), (8, 920, 0.173), (9, 1234, 0.171), (10, 1176, 0.164), (11, 797, 0.157), (12, 1105, 0.155), (13, 825, 0.144), (14, 480, 0.141), (15, 14, 0.139), (16, 1113, 0.127), (17, 225, 0.126), (18, 934, 0.122), (19, 818, 0.122), (20, 94, 0.122), (21, 91, 0.115), (22, 719, 0.114), (23, 627, 0.111), (24, 713, 0.111), (25, 471, 0.109), (26, 199, 0.109), (27, 798, 0.109), (28, 465, 0.109), (29, 377, 0.109), (30, 697, 0.107), (31, 929, 0.106), (32, 77, 0.105), (33, 1182, 0.104), (34, 113, 0.103), (35, 822, 0.101), (36, 1174, 0.098), (37, 413, 0.096), (38, 978, 0.095), (39, 864, 0.095), (40, 879, 0.095), (41, 773, 0.094), (42, 148, 0.094), (43, 333, 0.094), (44, 1109, 0.094), (45, 1215, 0.093), (46, 649, 0.093), (47, 505, 0.093), (48, 716, 0.091), (49, 392, 0.09), (50, 254, 0.089)]
41;[(1, 414, 0.328), (2, 1190, 0.274), (3, 1108, 0.273), (4, 676, 0.272), (5, 878, 0.25), (6, 157, 0.25), (7, 581, 0.22), (8, 165, 0.202), (9, 1107, 0.194), (10, 1106, 0.19), (11, 296, 0.188), (12, 1088, 0.162), (13, 794, 0.155), (14, 126, 0.149), (15, 866, 0.137), (16, 14, 0.135), (17, 55, 0.128), (18, 1239, 0.122), (19, 51, 0.118), (20, 974, 0.11), (21, 1206, 0.11), (22, 856, 0.108), (23, 985, 0.104), (24, 919, 0.104), (25, 715, 0.104), (26, 1115, 0.1), (27, 992, 0.1), (28, 468, 0.098), (29, 65, 0.098), (30, 421, 0.092), (31, 399, 0.092), (32, 624, 0.09), (33, 1171, 0.085), (34, 936, 0.083), (35, 1218, 0.082), (36, 754, 0.082), (37, 804, 0.081), (38, 972, 0.081), (39, 829, 0.081), (40, 420, 0.08), (41, 360, 0.08), (42, 1161, 0.079), (43, 510, 0.078), (44, 958, 0.077), (45, 523, 0.075), (46, 528, 0.074), (47, 613, 0.074), (48, 680, 0.071), (49, 1081, 0.071), (50, 1053, 0.071)]
42;[(1, 585, 0.318), (2, 317, 0.278), (3, 337, 0.276), (4, 209, 0.213), (5, 695, 0.201), (6, 14, 0.153), (7, 416, 0.144), (8, 1088, 0.132), (9, 92, 0.124), (10, 498, 0.121), (11, 856, 0.12), (12, 490, 0.118), (13, 1190, 0.117), (14, 866, 0.112), (15, 566, 0.105), (16, 77, 0.096), (17, 129, 0.092), (18, 461, 0.089), (19, 314, 0.088), (20, 386, 0.087), (21, 352, 0.087), (22, 117, 0.086), (23, 919, 0.085), (24, 601, 0.085), (25, 827, 0.085), (26, 1053, 0.084), (27, 360, 0.082), (28, 332, 0.082), (29, 446, 0.08), (30, 921, 0.077), (31, 364, 0.074), (32, 959, 0.072), (33, 443, 0.072), (34, 1192, 0.07), (35, 581, 0.069), (36, 594, 0.069), (37, 480, 0.069), (38, 429, 0.068), (39, 1201, 0.067), (40, 88, 0.066), (41, 1120, 0.066), (42, 614, 0.066), (43, 510, 0.064), (44, 947, 0.063), (45, 633, 0.063), (46, 170, 0.063), (47, 42, 0.063), (48, 1111, 0.062), (49, 548, 0.062), (50, 312, 0.062)]
43;[(1, 418, 0.233), (2, 471, 0.211), (3, 1200, 0.171), (4, 818, 0.169), (5, 383, 0.169), (6, 65, 0.169), (7, 1105, 0.161), (8, 612, 0.154), (9, 91, 0.148), (10, 140, 0.145), (11, 966, 0.144), (12, 404, 0.143), (13, 4, 0.138), (14, 996, 0.134), (15, 817, 0.132), (16, 261, 0.131), (17, 125, 0.131), (18, 716, 0.13), (19, 978, 0.125), (20, 741, 0.12), (21, 300, 0.12), (22, 714, 0.118), (23, 361, 0.116), (24, 324, 0.116), (25, 395, 0.112), (26, 490, 0.11), (27, 376, 0.106), (28, 94, 0.104), (29, 297, 0.102), (30, 570, 0.102), (31, 781, 0.099), (32, 1058, 0.099), (33, 135, 0.097), (34, 484, 0.096), (35, 594, 0.094), (36, 268, 0.092), (37, 929, 0.091), (38, 981, 0.089), (39, 526, 0.088), (40, 343, 0.086), (41, 124, 0.084), (42, 776, 0.084), (43, 46, 0.082), (44, 795, 0.08), (45, 605, 0.08), (46, 430, 0.076), (47, 1215, 0.076), (48, 927, 0.076), (49, 511, 0.074), (50, 199, 0.074)]
44;[(1, 737, 0.221), (2, 528, 0.165), (3, 624, 0.159), (4, 1053, 0.156), (5, 1068, 0.15), (6, 666, 0.138), (7, 971, 0.136), (8, 336, 0.133), (9, 411, 0.123), (10, 847, 0.122), (11, 124, 0.12), (12, 53, 0.118), (13, 1148, 0.117), (14, 623, 0.117), (15, 567, 0.113), (16, 691, 0.113), (17, 118, 0.112), (18, 1030, 0.112), (19, 451, 0.111), (20, 621, 0.105), (21, 750, 0.099), (22, 312, 0.098), (23, 683, 0.096), (24, 951, 0.094), (25, 535, 0.094), (26, 138, 0.094), (27, 840, 0.093), (28, 1142, 0.09), (29, 589, 0.088), (30, 177, 0.088), (31, 145, 0.086), (32, 529, 0.085), (33, 62, 0.083), (34, 516, 0.083), (35, 523, 0.082), (36, 370, 0.082), (37, 958, 0.082), (38, 541, 0.08), (39, 243, 0.08), (40, 1136, 0.08), (41, 780, 0.08), (42, 154, 0.078), (43, 7, 0.077), (44, 244, 0.077), (45, 561, 0.077), (46, 1057, 0.077), (47, 469, 0.077), (48, 1223, 0.076), (49, 399, 0.075), (50, 982, 0.074)]
45;[(1, 919, 0.252), (2, 566, 0.169), (3, 14, 0.168), (4, 538, 0.157), (5, 208, 0.146), (6, 1088, 0.145), (7, 322, 0.138), (8, 856, 0.132), (9, 1190, 0.128), (10, 866, 0.123), (11, 233, 0.112), (12, 924, 0.109), (13, 961, 0.1), (14, 504, 0.096), (15, 352, 0.096), (16, 117, 0.094), (17, 803, 0.091), (18, 360, 0.089), (19, 541, 0.088), (20, 490, 0.086), (21, 210, 0.082), (22, 364, 0.081), (23, 443, 0.078), (24, 1192, 0.077), (25, 834, 0.076), (26, 381, 0.076), (27, 930, 0.076), (28, 581, 0.076), (29, 594, 0.076), (30, 289, 0.076), (31, 1194, 0.075), (32, 72, 0.075), (33, 1157, 0.072), (34, 1030, 0.07), (35, 170, 0.069), (36, 42, 0.069), (37, 1110, 0.066), (38, 59, 0.066), (39, 690, 0.066), (40, 770, 0.066), (41, 172, 0.065), (42, 57, 0.065), (43, 1107, 0.064), (44, 553, 0.064), (45, 440, 0.064), (46, 287, 0.064), (47, 243, 0.064), (48, 399, 0.063), (49, 87, 0.063), (50, 900, 0.062)]
46;[(1, 53, 0.235), (2, 1055, 0.208), (3, 622, 0.194), (4, 1212, 0.186), (5, 856, 0.175), (6, 51, 0.158), (7, 755, 0.154), (8, 305, 0.152), (9, 639, 0.151), (10, 118, 0.145), (11, 737, 0.144), (12, 1062, 0.134), (13, 953, 0.134), (14, 1221, 0.13), (15, 356, 0.128), (16, 307, 0.128), (17, 820, 0.128), (18, 19, 0.125), (19, 725, 0.121), (20, 437, 0.12), (21, 743, 0.116), (22, 1057, 0.112), (23, 355, 0.112), (24, 141, 0.112), (25, 1141, 0.11), (26, 847, 0.11), (27, 1070, 0.108), (28, 967, 0.105), (29, 345, 0.105), (30, 26, 0.104), (31, 421, 0.103), (32, 1050, 0.103), (33, 960, 0.101), (34, 831, 0.101), (35, 191, 0.1), (36, 171, 0.1), (37, 861, 0.099), (38, 830, 0.099), (39, 589, 0.097), (40, 623, 0.096), (41, 302, 0.095), (42, 753, 0.091), (43, 319, 0.091), (44, 310, 0.091), (45, 5, 0.089), (46, 669, 0.088), (47, 959, 0.088), (48, 52, 0.088), (49, 445, 0.087), (50, 405, 0.087)]
47;[(1, 840, 0.229), (2, 680, 0.173), (3, 307, 0.143), (4, 529, 0.14), (5, 1206, 0.138), (6, 624, 0.128), (7, 64, 0.115), (8, 1088, 0.115), (9, 1165, 0.114), (10, 866, 0.111), (11, 1151, 0.105), (12, 901, 0.105), (13, 138, 0.104), (14, 1030, 0.104), (15, 959, 0.104), (16, 147, 0.103), (17, 466, 0.102), (18, 1190, 0.101), (19, 1081, 0.101), (20, 528, 0.098), (21, 118, 0.097), (22, 150, 0.097), (23, 973, 0.097), (24, 581, 0.096), (25, 14, 0.096), (26, 437, 0.095), (27, 399, 0.095), (28, 26, 0.094), (29, 629, 0.094), (30, 320, 0.093), (31, 719, 0.093), (32, 308, 0.093), (33, 145, 0.093), (34, 958, 0.092), (35, 124, 0.091), (36, 55, 0.091), (37, 19, 0.09), (38, 754, 0.09), (39, 1161, 0.09), (40, 1137, 0.09), (41, 191, 0.09), (42, 242, 0.088), (43, 233, 0.088), (44, 791, 0.088), (45, 210, 0.088), (46, 1107, 0.087), (47, 92, 0.086), (48, 848, 0.086), (49, 196, 0.085), (50, 65, 0.085)]
48;[(1, 737, 0.243), (2, 1053, 0.234), (3, 528, 0.19), (4, 971, 0.183), (5, 1068, 0.183), (6, 624, 0.174), (7, 666, 0.164), (8, 336, 0.163), (9, 147, 0.158), (10, 1148, 0.152), (11, 411, 0.142), (12, 523, 0.142), (13, 840, 0.141), (14, 154, 0.135), (15, 847, 0.133), (16, 53, 0.129), (17, 623, 0.128), (18, 349, 0.128), (19, 691, 0.123), (20, 312, 0.117), (21, 55, 0.115), (22, 625, 0.112), (23, 621, 0.108), (24, 51, 0.105), (25, 310, 0.103), (26, 246, 0.1), (27, 300, 0.1), (28, 124, 0.1), (29, 765, 0.099), (30, 1142, 0.099), (31, 1237, 0.098), (32, 1206, 0.098), (33, 754, 0.098), (34, 750, 0.097), (35, 143, 0.096), (36, 1230, 0.095), (37, 1215, 0.091), (38, 705, 0.091), (39, 243, 0.088), (40, 65, 0.087), (41, 951, 0.086), (42, 1057, 0.084), (43, 421, 0.083), (44, 378, 0.083), (45, 766, 0.081), (46, 577, 0.08), (47, 1030, 0.079), (48, 390, 0.078), (49, 184, 0.077), (50, 383, 0.077)]
49;[(1, 143, 0.358), (2, 138, 0.308), (3, 504, 0.165), (4, 436, 0.141), (5, 1088, 0.132), (6, 313, 0.13), (7, 568, 0.13), (8, 523, 0.122), (9, 1190, 0.117), (10, 866, 0.112), (11, 14, 0.111), (12, 137, 0.105), (13, 55, 0.105), (14, 494, 0.098), (15, 51, 0.096), (16, 1206, 0.09), (17, 856, 0.088), (18, 919, 0.085), (19, 553, 0.083), (20, 65, 0.08), (21, 421, 0.075), (22, 1107, 0.075), (23, 399, 0.075), (24, 624, 0.074), (25, 1171, 0.07), (26, 581, 0.069), (27, 936, 0.068), (28, 754, 0.067), (29, 972, 0.066), (30, 829, 0.066), (31, 420, 0.066), (32, 360, 0.065), (33, 1161, 0.065), (34, 691, 0.063), (35, 958, 0.063), (36, 563, 0.061), (37, 528, 0.061), (38, 613, 0.06), (39, 680, 0.058), (40, 1053, 0.058), (41, 283, 0.058), (42, 1081, 0.058), (43, 840, 0.057), (44, 320, 0.057), (45, 711, 0.057), (46, 160, 0.057), (47, 19, 0.057), (48, 883, 0.057), (49, 170, 0.057), (50, 140, 0.056)]
50;[(1, 259, 0.254), (2, 848, 0.238), (3, 495, 0.214), (4, 548, 0.181), (5, 1029, 0.144), (6, 1088, 0.122), (7, 197, 0.118), (8, 1230, 0.113), (9, 919, 0.11), (10, 1190, 0.108), (11, 360, 0.106), (12, 866, 0.104), (13, 14, 0.102), (14, 208, 0.097), (15, 865, 0.094), (16, 263, 0.094), (17, 233, 0.094), (18, 322, 0.09), (19, 435, 0.088), (20, 336, 0.087), (21, 166, 0.085), (22, 592, 0.082), (23, 432, 0.076), (24, 46, 0.076), (25, 541, 0.074), (26, 856, 0.074), (27, 286, 0.069), (28, 210, 0.069), (29, 1085, 0.068), (30, 834, 0.065), (31, 381, 0.064), (32, 930, 0.064), (33, 581, 0.064), (34, 289, 0.064), (35, 72, 0.063), (36, 98, 0.06), (37, 1030, 0.059), (38, 1013, 0.059), (39, 690, 0.056), (40, 770, 0.055), (41, 973, 0.055), (42, 57, 0.055), (43, 1107, 0.054), (44, 243, 0.054), (45, 399, 0.053), (46, 87, 0.053), (47, 900, 0.052), (48, 1031, 0.052), (49, 891, 0.051), (50, 417, 0.051)]
51;[(1, 444, 0.123), (2, 1102, 0.121), (3, 728, 0.108), (4, 346, 0.104), (5, 392, 0.101), (6, 1234, 0.099), (7, 498, 0.085), (8, 513, 0.085), (9, 670, 0.084), (10, 568, 0.079), (11, 302, 0.079), (12, 114, 0.079), (13, 1171, 0.078), (14, 376, 0.072), (15, 386, 0.072), (16, 373, 0.071), (17, 552, 0.07), (18, 1190, 0.07), (19, 504, 0.07), (20, 1185, 0.068), (21, 1062, 0.067), (22, 233, 0.067), (23, 195, 0.066), (24, 789, 0.065), (25, 465, 0.064), (26, 322, 0.064), (27, 135, 0.064), (28, 897, 0.062), (29, 570, 0.062), (30, 305, 0.061), (31, 23, 0.061), (32, 764, 0.06), (33, 330, 0.06), (34, 1144, 0.058), (35, 37, 0.058), (36, 445, 0.058), (37, 210, 0.058), (38, 381, 0.058), (39, 925, 0.057), (40, 1108, 0.057), (41, 572, 0.057), (42, 447, 0.055), (43, 1053, 0.055), (44, 970, 0.054), (45, 265, 0.054), (46, 731, 0.054), (47, 289, 0.053), (48, 862, 0.053), (49, 541, 0.052), (50, 1030, 0.052)]
52;[(1, 406, 0.361), (2, 293, 0.217), (3, 915, 0.111), (4, 1115, 0.092), (5, 619, 0.087), (6, 122, 0.082), (7, 897, 0.079), (8, 789, 0.078), (9, 281, 0.074), (10, 541, 0.072), (11, 62, 0.071), (12, 1171, 0.07), (13, 566, 0.07), (14, 292, 0.07), (15, 965, 0.069), (16, 959, 0.068), (17, 804, 0.067), (18, 556, 0.067), (19, 487, 0.066), (20, 429, 0.064), (21, 347, 0.064), (22, 264, 0.064), (23, 248, 0.062), (24, 1134, 0.062), (25, 188, 0.061), (26, 1005, 0.06), (27, 503, 0.06), (28, 351, 0.06), (29, 55, 0.059), (30, 346, 0.059), (31, 964, 0.058), (32, 936, 0.058), (33, 670, 0.058), (34, 370, 0.058), (35, 1062, 0.058), (36, 969, 0.057), (37, 812, 0.056), (38, 490, 0.056), (39, 159, 0.056), (40, 659, 0.055), (41, 186, 0.055), (42, 133, 0.054), (43, 164, 0.054), (44, 19, 0.054), (45, 1110, 0.053), (46, 402, 0.053), (47, 989, 0.052), (48, 885, 0.052), (49, 849, 0.052), (50, 677, 0.052)]
53;[(1, 1170, 0.289), (2, 987, 0.22), (3, 111, 0.209), (4, 1228, 0.201), (5, 609, 0.196), (6, 912, 0.188), (7, 62, 0.175), (8, 271, 0.167), (9, 1173, 0.153), (10, 1102, 0.153), (11, 989, 0.148), (12, 1229, 0.148), (13, 778, 0.147), (14, 401, 0.144), (15, 188, 0.143), (16, 812, 0.139), (17, 61, 0.136), (18, 1171, 0.129), (19, 427, 0.129), (20, 160, 0.122), (21, 1, 0.116), (22, 55, 0.115), (23, 588, 0.114), (24, 592, 0.112), (25, 1005, 0.111), (26, 790, 0.11), (27, 187, 0.109), (28, 555, 0.108), (29, 922, 0.108), (30, 447, 0.108), (31, 1051, 0.106), (32, 415, 0.102), (33, 487, 0.1), (34, 1112, 0.1), (35, 874, 0.1), (36, 270, 0.098), (37, 29, 0.097), (38, 18, 0.094), (39, 347, 0.091), (40, 1071, 0.089), (41, 590, 0.086), (42, 6, 0.085), (43, 550, 0.084), (44, 432, 0.082), (45, 11, 0.082), (46, 982, 0.08), (47, 1172, 0.08), (48, 1091, 0.077), (49, 988, 0.077), (50, 800, 0.075)]
54;[(1, 1169, 0.245), (2, 699, 0.182), (3, 793, 0.175), (4, 64, 0.167), (5, 432, 0.163), (6, 812, 0.159), (7, 990, 0.156), (8, 819, 0.147), (9, 11, 0.147), (10, 437, 0.139), (11, 488, 0.136), (12, 273, 0.132), (13, 402, 0.132), (14, 1049, 0.129), (15, 814, 0.126), (16, 536, 0.122), (17, 262, 0.122), (18, 242, 0.121), (19, 184, 0.121), (20, 1163, 0.119), (21, 32, 0.118), (22, 599, 0.114), (23, 1212, 0.111), (24, 763, 0.107), (25, 672, 0.104), (26, 623, 0.102), (27, 24, 0.102), (28, 63, 0.102), (29, 1048, 0.1), (30, 1038, 0.099), (31, 485, 0.098), (32, 964, 0.095), (33, 229, 0.095), (34, 934, 0.092), (35, 62, 0.092), (36, 1131, 0.092), (37, 1147, 0.091), (38, 1237, 0.09), (39, 1013, 0.089), (40, 1060, 0.088), (41, 1024, 0.088), (42, 790, 0.086), (43, 479, 0.086), (44, 1194, 0.085), (45, 550, 0.084), (46, 498, 0.084), (47, 192, 0.082), (48, 243, 0.08), (49, 1171, 0.08), (50, 682, 0.079)]
55;[(1, 862, 0.178), (2, 951, 0.16), (3, 373, 0.15), (4, 609, 0.11), (5, 890, 0.108), (6, 1051, 0.098), (7, 1013, 0.094), (8, 936, 0.094), (9, 227, 0.093), (10, 188, 0.093), (11, 1071, 0.09), (12, 860, 0.086), (13, 922, 0.086), (14, 133, 0.086), (15, 93, 0.081), (16, 1173, 0.079), (17, 32, 0.077), (18, 1171, 0.074), (19, 1170, 0.074), (20, 429, 0.073), (21, 1102, 0.071), (22, 1068, 0.069), (23, 62, 0.069), (24, 1177, 0.066), (25, 987, 0.065), (26, 479, 0.065), (27, 80, 0.065), (28, 901, 0.064), (29, 102, 0.063), (30, 61, 0.063), (31, 969, 0.062), (32, 88, 0.061), (33, 1164, 0.06), (34, 447, 0.057), (35, 426, 0.057), (36, 1131, 0.054), (37, 1031, 0.052), (38, 1136, 0.052), (39, 989, 0.052), (40, 1070, 0.049), (41, 668, 0.049), (42, 724, 0.048), (43, 1033, 0.047), (44, 541, 0.047), (45, 99, 0.047), (46, 67, 0.047), (47, 629, 0.046), (48, 25, 0.046), (49, 163, 0.045), (50, 1067, 0.044)]
56;[(1, 1102, 0.271), (2, 1170, 0.181), (3, 111, 0.181), (4, 609, 0.17), (5, 903, 0.164), (6, 62, 0.152), (7, 1171, 0.147), (8, 427, 0.144), (9, 89, 0.137), (10, 432, 0.134), (11, 188, 0.124), (12, 517, 0.122), (13, 57, 0.119), (14, 611, 0.118), (15, 1071, 0.115), (16, 273, 0.115), (17, 160, 0.106), (18, 200, 0.103), (19, 473, 0.102), (20, 347, 0.102), (21, 987, 0.102), (22, 605, 0.101), (23, 989, 0.096), (24, 1212, 0.096), (25, 988, 0.096), (26, 790, 0.095), (27, 922, 0.093), (28, 1051, 0.092), (29, 1151, 0.09), (30, 1173, 0.088), (31, 487, 0.087), (32, 874, 0.087), (33, 890, 0.084), (34, 915, 0.081), (35, 27, 0.081), (36, 133, 0.08), (37, 933, 0.078), (38, 588, 0.078), (39, 784, 0.076), (40, 590, 0.075), (41, 6, 0.074), (42, 438, 0.073), (43, 1, 0.073), (44, 80, 0.073), (45, 100, 0.073), (46, 550, 0.073), (47, 64, 0.072), (48, 684, 0.072), (49, 61, 0.072), (50, 1143, 0.072)]
57;[(1, 81, 0.372), (2, 987, 0.32), (3, 778, 0.272), (4, 178, 0.265), (5, 912, 0.258), (6, 80, 0.235), (7, 469, 0.227), (8, 989, 0.223), (9, 1091, 0.195), (10, 588, 0.189), (11, 1171, 0.175), (12, 159, 0.174), (13, 460, 0.174), (14, 905, 0.171), (15, 62, 0.17), (16, 282, 0.17), (17, 447, 0.164), (18, 790, 0.16), (19, 590, 0.16), (20, 986, 0.153), (21, 589, 0.151), (22, 1065, 0.144), (23, 890, 0.144), (24, 1, 0.143), (25, 6, 0.142), (26, 265, 0.142), (27, 55, 0.136), (28, 884, 0.135), (29, 479, 0.131), (30, 753, 0.129), (31, 427, 0.126), (32, 7, 0.124), (33, 1071, 0.123), (34, 82, 0.122), (35, 369, 0.121), (36, 177, 0.12), (37, 188, 0.119), (38, 1102, 0.118), (39, 802, 0.113), (40, 800, 0.113), (41, 459, 0.108), (42, 458, 0.106), (43, 988, 0.102), (44, 1112, 0.1), (45, 550, 0.1), (46, 552, 0.099), (47, 668, 0.098), (48, 983, 0.097), (49, 1077, 0.097), (50, 200, 0.096)]
58;[(1, 62, 0.192), (2, 111, 0.187), (3, 1171, 0.185), (4, 427, 0.182), (5, 1170, 0.175), (6, 160, 0.17), (7, 188, 0.157), (8, 874, 0.155), (9, 57, 0.151), (10, 611, 0.149), (11, 903, 0.136), (12, 473, 0.129), (13, 347, 0.129), (14, 987, 0.129), (15, 590, 0.129), (16, 438, 0.127), (17, 696, 0.126), (18, 432, 0.125), (19, 505, 0.124), (20, 904, 0.123), (21, 521, 0.123), (22, 989, 0.122), (23, 1173, 0.121), (24, 988, 0.121), (25, 790, 0.12), (26, 800, 0.119), (27, 16, 0.117), (28, 543, 0.115), (29, 1151, 0.114), (30, 429, 0.112), (31, 541, 0.112), (32, 487, 0.11), (33, 437, 0.109), (34, 769, 0.108), (35, 460, 0.107), (36, 1007, 0.106), (37, 1102, 0.105), (38, 400, 0.105), (39, 209, 0.102), (40, 915, 0.102), (41, 27, 0.102), (42, 271, 0.102), (43, 1015, 0.101), (44, 80, 0.1), (45, 1157, 0.098), (46, 588, 0.098), (47, 1071, 0.097), (48, 964, 0.097), (49, 784, 0.096), (50, 917, 0.096)]
59;[(1, 51, 0.147), (2, 16, 0.143), (3, 521, 0.137), (4, 566, 0.129), (5, 352, 0.125), (6, 149, 0.115), (7, 1192, 0.112), (8, 594, 0.108), (9, 170, 0.108), (10, 504, 0.107), (11, 117, 0.106), (12, 346, 0.102), (13, 62, 0.102), (14, 874, 0.102), (15, 366, 0.102), (16, 793, 0.098), (17, 1206, 0.098), (18, 490, 0.096), (19, 1005, 0.094), (20, 1110, 0.093), (21, 288, 0.093), (22, 364, 0.091), (23, 1178, 0.089), (24, 357, 0.087), (25, 1050, 0.081), (26, 369, 0.08), (27, 228, 0.08), (28, 989, 0.08), (29, 611, 0.078), (30, 42, 0.077), (31, 65, 0.076), (32, 284, 0.074), (33, 427, 0.074), (34, 59, 0.074), (35, 172, 0.073), (36, 211, 0.072), (37, 1190, 0.071), (38, 780, 0.071), (39, 243, 0.071), (40, 1168, 0.07), (41, 505, 0.069), (42, 630, 0.068), (43, 1077, 0.068), (44, 964, 0.067), (45, 311, 0.067), (46, 302, 0.066), (47, 1118, 0.065), (48, 524, 0.065), (49, 747, 0.064), (50, 400, 0.064)]
60;[(1, 1004, 0.149), (2, 1151, 0.147), (3, 189, 0.147), (4, 473, 0.122), (5, 27, 0.122), (6, 57, 0.118), (7, 948, 0.117), (8, 64, 0.106), (9, 611, 0.103), (10, 1071, 0.1), (11, 823, 0.096), (12, 684, 0.096), (13, 316, 0.093), (14, 546, 0.093), (15, 446, 0.093), (16, 100, 0.092), (17, 1109, 0.091), (18, 768, 0.09), (19, 987, 0.089), (20, 1180, 0.087), (21, 1112, 0.082), (22, 903, 0.082), (23, 915, 0.081), (24, 958, 0.08), (25, 543, 0.079), (26, 372, 0.078), (27, 159, 0.078), (28, 1078, 0.075), (29, 50, 0.074), (30, 844, 0.074), (31, 605, 0.072), (32, 28, 0.071), (33, 472, 0.071), (34, 157, 0.07), (35, 17, 0.07), (36, 742, 0.069), (37, 155, 0.068), (38, 348, 0.067), (39, 373, 0.065), (40, 962, 0.063), (41, 321, 0.063), (42, 459, 0.062), (43, 400, 0.061), (44, 1016, 0.06), (45, 803, 0.059), (46, 1039, 0.059), (47, 731, 0.059), (48, 599, 0.058), (49, 460, 0.058), (50, 370, 0.058)]
61;[(1, 502, 0.353), (2, 196, 0.315), (3, 969, 0.285), (4, 761, 0.273), (5, 383, 0.261), (6, 605, 0.223), (7, 125, 0.212), (8, 570, 0.211), (9, 160, 0.204), (10, 511, 0.199), (11, 754, 0.199), (12, 501, 0.176), (13, 1170, 0.175), (14, 590, 0.153), (15, 140, 0.15), (16, 437, 0.147), (17, 1, 0.143), (18, 680, 0.139), (19, 370, 0.139), (20, 912, 0.132), (21, 741, 0.128), (22, 271, 0.126), (23, 490, 0.124), (24, 555, 0.122), (25, 980, 0.117), (26, 11, 0.113), (27, 1181, 0.112), (28, 733, 0.106), (29, 6, 0.102), (30, 159, 0.102), (31, 325, 0.099), (32, 1200, 0.098), (33, 769, 0.097), (34, 1173, 0.094), (35, 25, 0.092), (36, 1079, 0.091), (37, 80, 0.091), (38, 135, 0.09), (39, 46, 0.089), (40, 1067, 0.089), (41, 195, 0.086), (42, 7, 0.085), (43, 283, 0.084), (44, 505, 0.084), (45, 686, 0.083), (46, 322, 0.081), (47, 614, 0.078), (48, 1112, 0.077), (49, 346, 0.077), (50, 265, 0.077)]
62;[(1, 64, 0.219), (2, 699, 0.2), (3, 990, 0.171), (4, 63, 0.163), (5, 944, 0.156), (6, 437, 0.153), (7, 242, 0.147), (8, 599, 0.143), (9, 915, 0.141), (10, 814, 0.138), (11, 536, 0.134), (12, 262, 0.134), (13, 32, 0.129), (14, 964, 0.127), (15, 1122, 0.121), (16, 763, 0.117), (17, 1169, 0.116), (18, 920, 0.116), (19, 905, 0.115), (20, 682, 0.112), (21, 333, 0.112), (22, 24, 0.112), (23, 1134, 0.112), (24, 1038, 0.108), (25, 819, 0.107), (26, 243, 0.104), (27, 479, 0.103), (28, 1004, 0.101), (29, 934, 0.1), (30, 62, 0.1), (31, 1131, 0.1), (32, 1186, 0.099), (33, 1147, 0.099), (34, 301, 0.099), (35, 1237, 0.098), (36, 1024, 0.096), (37, 793, 0.096), (38, 790, 0.095), (39, 719, 0.094), (40, 208, 0.094), (41, 1194, 0.093), (42, 1180, 0.093), (43, 550, 0.092), (44, 498, 0.091), (45, 10, 0.091), (46, 684, 0.091), (47, 244, 0.089), (48, 690, 0.088), (49, 446, 0.088), (50, 1171, 0.087)]
63;[(1, 1171, 0.159), (2, 571, 0.144), (3, 963, 0.128), (4, 988, 0.128), (5, 499, 0.104), (6, 793, 0.095), (7, 985, 0.085), (8, 11, 0.082), (9, 429, 0.079), (10, 1007, 0.078), (11, 582, 0.077), (12, 1003, 0.077), (13, 24, 0.077), (14, 435, 0.076), (15, 180, 0.075), (16, 566, 0.074), (17, 144, 0.073), (18, 577, 0.073), (19, 67, 0.071), (20, 370, 0.068), (21, 196, 0.068), (22, 368, 0.067), (23, 1038, 0.066), (24, 1195, 0.065), (25, 309, 0.063), (26, 1207, 0.061), (27, 174, 0.06), (28, 22, 0.06), (29, 1237, 0.06), (30, 990, 0.059), (31, 962, 0.059), (32, 629, 0.058), (33, 913, 0.058), (34, 605, 0.058), (35, 669, 0.057), (36, 463, 0.057), (37, 23, 0.054), (38, 767, 0.053), (39, 400, 0.052), (40, 912, 0.052), (41, 45, 0.052), (42, 685, 0.052), (43, 541, 0.051), (44, 285, 0.051), (45, 62, 0.05), (46, 437, 0.05), (47, 887, 0.049), (48, 52, 0.048), (49, 959, 0.048), (50, 72, 0.048)]
64;[(1, 64, 0.231), (2, 1149, 0.187), (3, 699, 0.185), (4, 940, 0.178), (5, 814, 0.158), (6, 1038, 0.154), (7, 437, 0.147), (8, 242, 0.144), (9, 1215, 0.131), (10, 24, 0.125), (11, 1112, 0.123), (12, 1024, 0.121), (13, 458, 0.12), (14, 660, 0.116), (15, 62, 0.108), (16, 536, 0.106), (17, 850, 0.106), (18, 1151, 0.105), (19, 372, 0.102), (20, 27, 0.099), (21, 118, 0.097), (22, 990, 0.096), (23, 368, 0.095), (24, 845, 0.094), (25, 1195, 0.092), (26, 959, 0.09), (27, 1006, 0.09), (28, 576, 0.09), (29, 1073, 0.088), (30, 1037, 0.088), (31, 1110, 0.085), (32, 1071, 0.085), (33, 359, 0.084), (34, 32, 0.084), (35, 262, 0.083), (36, 326, 0.08), (37, 546, 0.08), (38, 163, 0.078), (39, 461, 0.077), (40, 238, 0.077), (41, 150, 0.076), (42, 1081, 0.076), (43, 543, 0.075), (44, 791, 0.075), (45, 188, 0.074), (46, 473, 0.074), (47, 897, 0.073), (48, 1131, 0.072), (49, 196, 0.072), (50, 1047, 0.072)]
65;[(1, 1151, 0.277), (2, 64, 0.255), (3, 566, 0.182), (4, 473, 0.171), (5, 546, 0.169), (6, 490, 0.163), (7, 372, 0.161), (8, 446, 0.161), (9, 611, 0.156), (10, 1110, 0.139), (11, 189, 0.137), (12, 1071, 0.13), (13, 959, 0.127), (14, 1047, 0.125), (15, 543, 0.121), (16, 605, 0.116), (17, 987, 0.115), (18, 814, 0.115), (19, 915, 0.114), (20, 27, 0.114), (21, 629, 0.112), (22, 1112, 0.112), (23, 1214, 0.112), (24, 323, 0.111), (25, 155, 0.11), (26, 437, 0.11), (27, 1171, 0.11), (28, 1081, 0.107), (29, 903, 0.107), (30, 352, 0.107), (31, 791, 0.106), (32, 117, 0.106), (33, 1234, 0.105), (34, 100, 0.103), (35, 57, 0.102), (36, 684, 0.102), (37, 948, 0.102), (38, 50, 0.1), (39, 964, 0.1), (40, 1062, 0.1), (41, 504, 0.095), (42, 1073, 0.092), (43, 364, 0.091), (44, 163, 0.09), (45, 96, 0.088), (46, 472, 0.088), (47, 1192, 0.086), (48, 242, 0.086), (49, 844, 0.085), (50, 699, 0.085)]
66;[(1, 763, 0.213), (2, 699, 0.2), (3, 64, 0.183), (4, 990, 0.171), (5, 437, 0.153), (6, 1192, 0.139), (7, 814, 0.138), (8, 536, 0.134), (9, 262, 0.134), (10, 242, 0.133), (11, 690, 0.132), (12, 32, 0.129), (13, 599, 0.125), (14, 63, 0.112), (15, 24, 0.112), (16, 1038, 0.108), (17, 819, 0.107), (18, 964, 0.104), (19, 821, 0.104), (20, 549, 0.104), (21, 479, 0.103), (22, 156, 0.101), (23, 1004, 0.101), (24, 934, 0.1), (25, 62, 0.1), (26, 1131, 0.1), (27, 1147, 0.099), (28, 1237, 0.098), (29, 1024, 0.096), (30, 790, 0.095), (31, 719, 0.094), (32, 1194, 0.093), (33, 550, 0.092), (34, 498, 0.091), (35, 10, 0.091), (36, 1169, 0.089), (37, 920, 0.089), (38, 352, 0.088), (39, 243, 0.088), (40, 1171, 0.087), (41, 429, 0.087), (42, 944, 0.085), (43, 879, 0.085), (44, 582, 0.085), (45, 340, 0.084), (46, 804, 0.083), (47, 830, 0.083), (48, 182, 0.082), (49, 502, 0.082), (50, 511, 0.081)]
67;[(1, 160, 0.197), (2, 148, 0.175), (3, 761, 0.169), (4, 804, 0.166), (5, 778, 0.161), (6, 473, 0.141), (7, 11, 0.134), (8, 354, 0.129), (9, 346, 0.128), (10, 782, 0.128), (11, 842, 0.121), (12, 942, 0.12), (13, 550, 0.118), (14, 910, 0.109), (15, 1067, 0.105), (16, 1234, 0.104), (17, 692, 0.103), (18, 204, 0.101), (19, 806, 0.1), (20, 154, 0.099), (21, 1170, 0.098), (22, 513, 0.098), (23, 913, 0.096), (24, 879, 0.096), (25, 1173, 0.093), (26, 1091, 0.093), (27, 582, 0.093), (28, 912, 0.092), (29, 1112, 0.091), (30, 767, 0.087), (31, 590, 0.086), (32, 1, 0.084), (33, 731, 0.084), (34, 385, 0.084), (35, 89, 0.081), (36, 347, 0.08), (37, 733, 0.078), (38, 472, 0.078), (39, 159, 0.077), (40, 736, 0.076), (41, 914, 0.076), (42, 422, 0.075), (43, 1017, 0.074), (44, 587, 0.073), (45, 980, 0.073), (46, 555, 0.072), (47, 459, 0.072), (48, 1080, 0.069), (49, 271, 0.068), (50, 25, 0.068)]
68;[(1, 21, 0.12), (2, 1180, 0.12), (3, 962, 0.105), (4, 543, 0.105), (5, 302, 0.104), (6, 459, 0.103), (7, 1078, 0.1), (8, 159, 0.1), (9, 958, 0.098), (10, 823, 0.096), (11, 11, 0.092), (12, 326, 0.092), (13, 813, 0.086), (14, 1081, 0.082), (15, 288, 0.075), (16, 400, 0.074), (17, 628, 0.073), (18, 541, 0.072), (19, 1168, 0.072), (20, 28, 0.071), (21, 1112, 0.071), (22, 62, 0.071), (23, 1171, 0.07), (24, 157, 0.07), (25, 758, 0.069), (26, 742, 0.069), (27, 959, 0.068), (28, 523, 0.067), (29, 311, 0.067), (30, 804, 0.067), (31, 542, 0.067), (32, 373, 0.065), (33, 429, 0.064), (34, 347, 0.064), (35, 970, 0.063), (36, 754, 0.063), (37, 1071, 0.063), (38, 676, 0.063), (39, 321, 0.063), (40, 733, 0.061), (41, 538, 0.061), (42, 188, 0.061), (43, 1005, 0.06), (44, 55, 0.059), (45, 346, 0.059), (46, 107, 0.059), (47, 964, 0.058), (48, 936, 0.058), (49, 458, 0.058), (50, 324, 0.058)]
69;[(1, 703, 0.257), (2, 193, 0.127), (3, 907, 0.11), (4, 332, 0.109), (5, 363, 0.098), (6, 1009, 0.093), (7, 698, 0.087), (8, 237, 0.083), (9, 1072, 0.083), (10, 321, 0.081), (11, 327, 0.081), (12, 556, 0.077), (13, 438, 0.076), (14, 197, 0.075), (15, 1152, 0.073), (16, 962, 0.073), (17, 1239, 0.073), (18, 387, 0.07), (19, 17, 0.069), (20, 489, 0.067), (21, 999, 0.065), (22, 817, 0.065), (23, 979, 0.065), (24, 736, 0.065), (25, 300, 0.062), (26, 592, 0.061), (27, 753, 0.061), (28, 285, 0.061), (29, 328, 0.061), (30, 800, 0.06), (31, 316, 0.059), (32, 732, 0.059), (33, 600, 0.059), (34, 491, 0.058), (35, 822, 0.058), (36, 1000, 0.056), (37, 541, 0.056), (38, 62, 0.055), (39, 1171, 0.055), (40, 887, 0.054), (41, 135, 0.053), (42, 959, 0.053), (43, 804, 0.052), (44, 442, 0.052), (45, 134, 0.052), (46, 849, 0.051), (47, 946, 0.051), (48, 429, 0.05), (49, 347, 0.05), (50, 239, 0.049)]
70;[(1, 804, 0.221), (2, 1009, 0.203), (3, 942, 0.173), (4, 513, 0.171), (5, 778, 0.16), (6, 89, 0.136), (7, 1081, 0.134), (8, 813, 0.12), (9, 460, 0.12), (10, 359, 0.119), (11, 473, 0.118), (12, 200, 0.118), (13, 370, 0.117), (14, 1234, 0.116), (15, 1093, 0.115), (16, 692, 0.115), (17, 698, 0.115), (18, 204, 0.112), (19, 332, 0.111), (20, 599, 0.11), (21, 883, 0.108), (22, 837, 0.105), (23, 823, 0.104), (24, 1087, 0.102), (25, 882, 0.1), (26, 1000, 0.1), (27, 1078, 0.098), (28, 389, 0.096), (29, 1104, 0.092), (30, 346, 0.092), (31, 472, 0.088), (32, 438, 0.085), (33, 1180, 0.085), (34, 940, 0.08), (35, 849, 0.08), (36, 696, 0.078), (37, 340, 0.078), (38, 1226, 0.078), (39, 791, 0.077), (40, 159, 0.077), (41, 95, 0.076), (42, 238, 0.075), (43, 1151, 0.074), (44, 910, 0.074), (45, 550, 0.074), (46, 826, 0.073), (47, 842, 0.073), (48, 879, 0.071), (49, 459, 0.071), (50, 446, 0.071)]
71;[(1, 547, 0.298), (2, 910, 0.212), (3, 266, 0.195), (4, 56, 0.194), (5, 380, 0.145), (6, 1155, 0.135), (7, 1002, 0.13), (8, 942, 0.129), (9, 373, 0.127), (10, 175, 0.127), (11, 148, 0.126), (12, 492, 0.125), (13, 378, 0.117), (14, 513, 0.109), (15, 1219, 0.108), (16, 796, 0.108), (17, 778, 0.107), (18, 97, 0.1), (19, 1064, 0.099), (20, 319, 0.099), (21, 692, 0.098), (22, 1216, 0.096), (23, 600, 0.095), (24, 997, 0.095), (25, 247, 0.091), (26, 641, 0.091), (27, 204, 0.089), (28, 1080, 0.089), (29, 761, 0.081), (30, 1169, 0.08), (31, 220, 0.08), (32, 815, 0.079), (33, 731, 0.078), (34, 297, 0.075), (35, 103, 0.075), (36, 882, 0.073), (37, 261, 0.072), (38, 1117, 0.071), (39, 1014, 0.069), (40, 717, 0.069), (41, 764, 0.067), (42, 649, 0.066), (43, 690, 0.066), (44, 446, 0.064), (45, 620, 0.063), (46, 849, 0.061), (47, 644, 0.061), (48, 413, 0.061), (49, 370, 0.06), (50, 95, 0.058)]
72;[(1, 771, 0.447), (2, 683, 0.353), (3, 732, 0.301), (4, 682, 0.23), (5, 250, 0.214), (6, 1125, 0.174), (7, 733, 0.157), (8, 982, 0.156), (9, 685, 0.144), (10, 461, 0.132), (11, 1226, 0.126), (12, 1081, 0.12), (13, 29, 0.113), (14, 813, 0.108), (15, 460, 0.107), (16, 359, 0.106), (17, 322, 0.106), (18, 370, 0.104), (19, 435, 0.104), (20, 196, 0.099), (21, 332, 0.099), (22, 398, 0.098), (23, 883, 0.096), (24, 837, 0.094), (25, 489, 0.093), (26, 823, 0.093), (27, 89, 0.091), (28, 1087, 0.091), (29, 11, 0.089), (30, 1078, 0.087), (31, 698, 0.087), (32, 58, 0.087), (33, 389, 0.086), (34, 333, 0.084), (35, 1180, 0.076), (36, 962, 0.073), (37, 1239, 0.073), (38, 442, 0.073), (39, 940, 0.072), (40, 849, 0.071), (41, 696, 0.07), (42, 387, 0.07), (43, 791, 0.069), (44, 159, 0.069), (45, 41, 0.068), (46, 238, 0.067), (47, 1151, 0.067), (48, 826, 0.065), (49, 200, 0.065), (50, 817, 0.065)]
73;[(1, 224, 0.295), (2, 536, 0.275), (3, 1164, 0.246), (4, 50, 0.221), (5, 604, 0.214), (6, 630, 0.205), (7, 546, 0.194), (8, 1197, 0.185), (9, 1169, 0.17), (10, 227, 0.162), (11, 1048, 0.156), (12, 629, 0.153), (13, 820, 0.152), (14, 1099, 0.15), (15, 496, 0.144), (16, 698, 0.144), (17, 369, 0.14), (18, 429, 0.125), (19, 341, 0.123), (20, 323, 0.12), (21, 844, 0.117), (22, 1104, 0.115), (23, 438, 0.113), (24, 806, 0.103), (25, 340, 0.102), (26, 980, 0.1), (27, 359, 0.095), (28, 296, 0.094), (29, 711, 0.09), (30, 912, 0.087), (31, 964, 0.083), (32, 253, 0.081), (33, 945, 0.081), (34, 1172, 0.08), (35, 1090, 0.075), (36, 734, 0.075), (37, 969, 0.074), (38, 580, 0.073), (39, 843, 0.073), (40, 1229, 0.071), (41, 1049, 0.07), (42, 1091, 0.069), (43, 1224, 0.068), (44, 1228, 0.068), (45, 237, 0.068), (46, 577, 0.067), (47, 358, 0.067), (48, 1152, 0.066), (49, 626, 0.064), (50, 754, 0.064)]
74;[(1, 914, 0.381), (2, 910, 0.188), (3, 160, 0.18), (4, 1012, 0.174), (5, 155, 0.162), (6, 761, 0.154), (7, 1170, 0.149), (8, 885, 0.148), (9, 11, 0.122), (10, 354, 0.117), (11, 782, 0.117), (12, 148, 0.115), (13, 980, 0.111), (14, 842, 0.111), (15, 913, 0.107), (16, 192, 0.096), (17, 1067, 0.096), (18, 733, 0.093), (19, 1, 0.092), (20, 736, 0.091), (21, 154, 0.091), (22, 587, 0.087), (23, 473, 0.086), (24, 1091, 0.084), (25, 582, 0.084), (26, 912, 0.084), (27, 550, 0.084), (28, 1112, 0.083), (29, 346, 0.083), (30, 1045, 0.083), (31, 825, 0.082), (32, 711, 0.082), (33, 347, 0.082), (34, 93, 0.08), (35, 590, 0.079), (36, 385, 0.077), (37, 219, 0.076), (38, 206, 0.076), (39, 629, 0.075), (40, 846, 0.073), (41, 118, 0.071), (42, 159, 0.071), (43, 887, 0.07), (44, 988, 0.068), (45, 1152, 0.067), (46, 969, 0.067), (47, 138, 0.067), (48, 555, 0.066), (49, 218, 0.066), (50, 459, 0.066)]
75;[(1, 241, 0.291), (2, 446, 0.25), (3, 948, 0.242), (4, 316, 0.211), (5, 1004, 0.201), (6, 519, 0.178), (7, 1234, 0.158), (8, 100, 0.156), (9, 1151, 0.153), (10, 473, 0.129), (11, 460, 0.129), (12, 842, 0.126), (13, 370, 0.126), (14, 57, 0.118), (15, 1226, 0.118), (16, 751, 0.115), (17, 332, 0.109), (18, 359, 0.108), (19, 333, 0.106), (20, 17, 0.104), (21, 677, 0.103), (22, 422, 0.103), (23, 1081, 0.101), (24, 611, 0.101), (25, 684, 0.098), (26, 89, 0.094), (27, 813, 0.091), (28, 1177, 0.09), (29, 199, 0.089), (30, 238, 0.088), (31, 987, 0.087), (32, 915, 0.086), (33, 27, 0.086), (34, 1112, 0.085), (35, 599, 0.083), (36, 1171, 0.083), (37, 597, 0.081), (38, 883, 0.081), (39, 903, 0.081), (40, 159, 0.08), (41, 837, 0.079), (42, 489, 0.079), (43, 823, 0.079), (44, 64, 0.077), (45, 1087, 0.077), (46, 696, 0.077), (47, 1000, 0.076), (48, 800, 0.076), (49, 200, 0.076), (50, 189, 0.074)]
76;[(1, 1188, 0.293), (2, 64, 0.247), (3, 1007, 0.243), (4, 1073, 0.22), (5, 699, 0.198), (6, 437, 0.194), (7, 819, 0.181), (8, 814, 0.169), (9, 1039, 0.167), (10, 242, 0.154), (11, 358, 0.151), (12, 1038, 0.134), (13, 1110, 0.133), (14, 341, 0.129), (15, 24, 0.118), (16, 536, 0.113), (17, 1151, 0.113), (18, 1081, 0.108), (19, 546, 0.104), (20, 990, 0.103), (21, 1048, 0.101), (22, 606, 0.1), (23, 163, 0.098), (24, 959, 0.096), (25, 1078, 0.09), (26, 32, 0.09), (27, 262, 0.088), (28, 372, 0.083), (29, 1071, 0.082), (30, 791, 0.08), (31, 481, 0.079), (32, 1180, 0.078), (33, 62, 0.077), (34, 1131, 0.077), (35, 964, 0.076), (36, 599, 0.076), (37, 206, 0.076), (38, 543, 0.074), (39, 1067, 0.074), (40, 20, 0.074), (41, 1149, 0.071), (42, 962, 0.069), (43, 511, 0.069), (44, 398, 0.069), (45, 63, 0.069), (46, 302, 0.068), (47, 1195, 0.068), (48, 821, 0.067), (49, 459, 0.067), (50, 550, 0.067)]
77;[(1, 754, 0.282), (2, 502, 0.214), (3, 969, 0.204), (4, 151, 0.186), (5, 498, 0.18), (6, 196, 0.168), (7, 680, 0.139), (8, 437, 0.138), (9, 925, 0.137), (10, 501, 0.134), (11, 481, 0.134), (12, 133, 0.121), (13, 1181, 0.112), (14, 711, 0.106), (15, 592, 0.104), (16, 227, 0.093), (17, 746, 0.092), (18, 224, 0.092), (19, 463, 0.091), (20, 975, 0.09), (21, 499, 0.09), (22, 827, 0.086), (23, 843, 0.085), (24, 1064, 0.084), (25, 686, 0.083), (26, 265, 0.083), (27, 93, 0.081), (28, 980, 0.076), (29, 441, 0.076), (30, 189, 0.074), (31, 1171, 0.074), (32, 429, 0.073), (33, 296, 0.071), (34, 629, 0.069), (35, 62, 0.069), (36, 1079, 0.067), (37, 867, 0.066), (38, 788, 0.066), (39, 987, 0.065), (40, 479, 0.065), (41, 80, 0.065), (42, 698, 0.065), (43, 14, 0.063), (44, 945, 0.061), (45, 860, 0.06), (46, 909, 0.058), (47, 1090, 0.057), (48, 529, 0.055), (49, 266, 0.053), (50, 1091, 0.052)]
78;[(1, 1087, 0.183), (2, 200, 0.154), (3, 43, 0.148), (4, 883, 0.131), (5, 837, 0.114), (6, 823, 0.11), (7, 1179, 0.11), (8, 359, 0.109), (9, 282, 0.109), (10, 586, 0.103), (11, 607, 0.102), (12, 1182, 0.102), (13, 218, 0.099), (14, 326, 0.096), (15, 1081, 0.095), (16, 428, 0.092), (17, 427, 0.092), (18, 912, 0.09), (19, 554, 0.087), (20, 1112, 0.087), (21, 813, 0.085), (22, 460, 0.085), (23, 370, 0.082), (24, 153, 0.082), (25, 510, 0.079), (26, 332, 0.079), (27, 473, 0.074), (28, 184, 0.074), (29, 1118, 0.074), (30, 945, 0.074), (31, 89, 0.072), (32, 633, 0.071), (33, 1040, 0.071), (34, 1165, 0.069), (35, 851, 0.069), (36, 1078, 0.069), (37, 95, 0.069), (38, 733, 0.068), (39, 791, 0.068), (40, 389, 0.068), (41, 165, 0.068), (42, 102, 0.067), (43, 1091, 0.067), (44, 315, 0.065), (45, 13, 0.064), (46, 993, 0.064), (47, 541, 0.063), (48, 434, 0.062), (49, 944, 0.062), (50, 767, 0.061)]
79;[(1, 200, 0.178), (2, 389, 0.147), (3, 945, 0.145), (4, 460, 0.139), (5, 791, 0.133), (6, 912, 0.13), (7, 238, 0.129), (8, 552, 0.129), (9, 1179, 0.127), (10, 282, 0.126), (11, 1066, 0.125), (12, 1087, 0.121), (13, 544, 0.121), (14, 758, 0.114), (15, 1234, 0.114), (16, 1091, 0.113), (17, 326, 0.111), (18, 159, 0.11), (19, 1081, 0.109), (20, 396, 0.104), (21, 337, 0.103), (22, 1112, 0.1), (23, 813, 0.098), (24, 1190, 0.097), (25, 359, 0.097), (26, 186, 0.097), (27, 1101, 0.097), (28, 510, 0.091), (29, 332, 0.091), (30, 616, 0.088), (31, 883, 0.088), (32, 473, 0.086), (33, 184, 0.086), (34, 1118, 0.086), (35, 837, 0.086), (36, 823, 0.085), (37, 815, 0.084), (38, 89, 0.084), (39, 1078, 0.08), (40, 1171, 0.08), (41, 542, 0.079), (42, 804, 0.076), (43, 127, 0.076), (44, 993, 0.074), (45, 1071, 0.071), (46, 1180, 0.069), (47, 1090, 0.069), (48, 370, 0.068), (49, 838, 0.068), (50, 424, 0.066)]
80;[(1, 1227, 0.174), (2, 1090, 0.145), (3, 1111, 0.13), (4, 541, 0.125), (5, 1078, 0.123), (6, 945, 0.108), (7, 90, 0.104), (8, 438, 0.101), (9, 696, 0.099), (10, 546, 0.097), (11, 159, 0.096), (12, 123, 0.093), (13, 326, 0.091), (14, 279, 0.09), (15, 1180, 0.088), (16, 963, 0.085), (17, 27, 0.082), (18, 296, 0.078), (19, 1234, 0.078), (20, 1093, 0.077), (21, 753, 0.076), (22, 510, 0.074), (23, 460, 0.073), (24, 698, 0.073), (25, 1082, 0.07), (26, 799, 0.068), (27, 684, 0.068), (28, 1101, 0.068), (29, 914, 0.068), (30, 1181, 0.068), (31, 943, 0.067), (32, 464, 0.067), (33, 767, 0.065), (34, 10, 0.065), (35, 782, 0.063), (36, 672, 0.063), (37, 1091, 0.063), (38, 413, 0.062), (39, 108, 0.061), (40, 891, 0.056), (41, 660, 0.055), (42, 200, 0.055), (43, 1107, 0.054), (44, 680, 0.054), (45, 111, 0.054), (46, 316, 0.054), (47, 1165, 0.054), (48, 31, 0.053), (49, 811, 0.052), (50, 25, 0.051)]
81;[(1, 546, 0.224), (2, 321, 0.202), (3, 592, 0.2), (4, 945, 0.165), (5, 542, 0.141), (6, 359, 0.126), (7, 193, 0.11), (8, 1081, 0.109), (9, 1029, 0.104), (10, 1090, 0.1), (11, 813, 0.098), (12, 460, 0.098), (13, 296, 0.096), (14, 332, 0.091), (15, 1093, 0.088), (16, 883, 0.088), (17, 837, 0.086), (18, 823, 0.085), (19, 89, 0.084), (20, 1087, 0.083), (21, 1035, 0.082), (22, 1078, 0.08), (23, 389, 0.079), (24, 1091, 0.077), (25, 90, 0.074), (26, 213, 0.072), (27, 517, 0.07), (28, 698, 0.07), (29, 1180, 0.069), (30, 652, 0.068), (31, 370, 0.068), (32, 1095, 0.068), (33, 838, 0.068), (34, 940, 0.065), (35, 1012, 0.065), (36, 1226, 0.064), (37, 696, 0.064), (38, 225, 0.064), (39, 791, 0.063), (40, 159, 0.063), (41, 238, 0.061), (42, 1151, 0.061), (43, 323, 0.06), (44, 969, 0.06), (45, 826, 0.06), (46, 200, 0.059), (47, 459, 0.058), (48, 648, 0.057), (49, 847, 0.057), (50, 804, 0.057)]
82;[(1, 699, 0.182), (2, 64, 0.167), (3, 990, 0.156), (4, 599, 0.155), (5, 389, 0.147), (6, 437, 0.139), (7, 498, 0.139), (8, 552, 0.136), (9, 242, 0.134), (10, 332, 0.127), (11, 359, 0.126), (12, 814, 0.126), (13, 536, 0.122), (14, 460, 0.122), (15, 262, 0.122), (16, 1087, 0.121), (17, 837, 0.119), (18, 32, 0.118), (19, 1234, 0.114), (20, 1171, 0.11), (21, 1081, 0.109), (22, 25, 0.107), (23, 763, 0.107), (24, 89, 0.102), (25, 24, 0.102), (26, 63, 0.102), (27, 90, 0.1), (28, 1038, 0.099), (29, 321, 0.098), (30, 813, 0.098), (31, 1190, 0.097), (32, 473, 0.097), (33, 511, 0.096), (34, 964, 0.095), (35, 502, 0.095), (36, 370, 0.095), (37, 295, 0.092), (38, 934, 0.092), (39, 62, 0.092), (40, 1131, 0.092), (41, 1147, 0.091), (42, 1237, 0.09), (43, 883, 0.088), (44, 1024, 0.088), (45, 135, 0.087), (46, 327, 0.087), (47, 790, 0.086), (48, 804, 0.085), (49, 1194, 0.085), (50, 823, 0.085)]
83;[(1, 18, 0.283), (2, 1203, 0.204), (3, 829, 0.201), (4, 192, 0.144), (5, 699, 0.141), (6, 669, 0.138), (7, 629, 0.136), (8, 224, 0.134), (9, 166, 0.131), (10, 64, 0.129), (11, 990, 0.121), (12, 437, 0.108), (13, 498, 0.108), (14, 463, 0.101), (15, 1237, 0.1), (16, 814, 0.097), (17, 1051, 0.095), (18, 536, 0.095), (19, 262, 0.094), (20, 1102, 0.094), (21, 242, 0.094), (22, 609, 0.092), (23, 32, 0.091), (24, 552, 0.089), (25, 599, 0.089), (26, 432, 0.089), (27, 1171, 0.085), (28, 578, 0.084), (29, 763, 0.083), (30, 1173, 0.079), (31, 63, 0.079), (32, 24, 0.079), (33, 188, 0.078), (34, 1038, 0.077), (35, 445, 0.076), (36, 1190, 0.075), (37, 511, 0.075), (38, 964, 0.074), (39, 934, 0.071), (40, 62, 0.071), (41, 1131, 0.071), (42, 1147, 0.07), (43, 333, 0.069), (44, 1024, 0.068), (45, 790, 0.067), (46, 1194, 0.066), (47, 922, 0.066), (48, 550, 0.065), (49, 1169, 0.063), (50, 243, 0.062)]
84;[(1, 778, 0.294), (2, 555, 0.264), (3, 912, 0.253), (4, 469, 0.245), (5, 922, 0.231), (6, 588, 0.204), (7, 160, 0.204), (8, 668, 0.204), (9, 479, 0.188), (10, 159, 0.188), (11, 460, 0.188), (12, 62, 0.183), (13, 282, 0.183), (14, 550, 0.18), (15, 384, 0.178), (16, 1091, 0.176), (17, 1112, 0.175), (18, 590, 0.173), (19, 790, 0.173), (20, 8, 0.17), (21, 905, 0.165), (22, 718, 0.163), (23, 1171, 0.159), (24, 784, 0.157), (25, 1065, 0.156), (26, 890, 0.156), (27, 1, 0.154), (28, 6, 0.153), (29, 987, 0.149), (30, 989, 0.148), (31, 447, 0.146), (32, 884, 0.146), (33, 80, 0.141), (34, 753, 0.139), (35, 986, 0.136), (36, 589, 0.136), (37, 427, 0.136), (38, 178, 0.136), (39, 7, 0.134), (40, 346, 0.133), (41, 1071, 0.133), (42, 273, 0.132), (43, 82, 0.132), (44, 177, 0.129), (45, 81, 0.129), (46, 188, 0.129), (47, 800, 0.122), (48, 802, 0.122), (49, 459, 0.117), (50, 265, 0.115)]
85;[(1, 62, 0.208), (2, 111, 0.171), (3, 790, 0.157), (4, 1171, 0.149), (5, 437, 0.149), (6, 262, 0.148), (7, 699, 0.144), (8, 64, 0.142), (9, 427, 0.129), (10, 1065, 0.126), (11, 814, 0.126), (12, 536, 0.122), (13, 160, 0.122), (14, 242, 0.121), (15, 550, 0.12), (16, 1170, 0.119), (17, 549, 0.118), (18, 719, 0.118), (19, 590, 0.118), (20, 990, 0.111), (21, 432, 0.106), (22, 989, 0.102), (23, 24, 0.102), (24, 487, 0.1), (25, 874, 0.1), (26, 1038, 0.099), (27, 32, 0.097), (28, 1163, 0.096), (29, 592, 0.096), (30, 1102, 0.096), (31, 988, 0.094), (32, 332, 0.091), (33, 588, 0.09), (34, 188, 0.086), (35, 804, 0.085), (36, 6, 0.085), (37, 133, 0.085), (38, 1, 0.085), (39, 1131, 0.083), (40, 875, 0.082), (41, 599, 0.082), (42, 942, 0.079), (43, 609, 0.078), (44, 1091, 0.077), (45, 499, 0.076), (46, 511, 0.074), (47, 63, 0.074), (48, 270, 0.073), (49, 459, 0.073), (50, 1072, 0.071)]
86;[(1, 922, 0.278), (2, 668, 0.265), (3, 62, 0.265), (4, 778, 0.225), (5, 160, 0.225), (6, 986, 0.223), (7, 555, 0.212), (8, 905, 0.21), (9, 8, 0.202), (10, 912, 0.197), (11, 1091, 0.189), (12, 550, 0.187), (13, 282, 0.185), (14, 1112, 0.183), (15, 718, 0.18), (16, 1171, 0.176), (17, 469, 0.173), (18, 790, 0.167), (19, 903, 0.165), (20, 81, 0.164), (21, 1077, 0.162), (22, 588, 0.162), (23, 460, 0.15), (24, 923, 0.146), (25, 590, 0.144), (26, 135, 0.144), (27, 989, 0.138), (28, 271, 0.136), (29, 887, 0.134), (30, 159, 0.133), (31, 1065, 0.131), (32, 589, 0.13), (33, 699, 0.129), (34, 987, 0.128), (35, 6, 0.126), (36, 384, 0.126), (37, 346, 0.124), (38, 983, 0.122), (39, 437, 0.12), (40, 64, 0.118), (41, 61, 0.118), (42, 265, 0.117), (43, 110, 0.115), (44, 200, 0.115), (45, 394, 0.115), (46, 988, 0.114), (47, 784, 0.111), (48, 479, 0.111), (49, 990, 0.11), (50, 890, 0.11)]
87;[(1, 699, 0.182), (2, 437, 0.169), (3, 64, 0.167), (4, 990, 0.156), (5, 1171, 0.139), (6, 498, 0.139), (7, 814, 0.126), (8, 903, 0.124), (9, 1169, 0.122), (10, 536, 0.122), (11, 262, 0.122), (12, 242, 0.121), (13, 32, 0.118), (14, 552, 0.115), (15, 599, 0.114), (16, 763, 0.107), (17, 1091, 0.106), (18, 481, 0.102), (19, 623, 0.102), (20, 24, 0.102), (21, 63, 0.102), (22, 1038, 0.099), (23, 394, 0.097), (24, 1190, 0.097), (25, 511, 0.096), (26, 964, 0.095), (27, 195, 0.093), (28, 934, 0.092), (29, 62, 0.092), (30, 1131, 0.092), (31, 1147, 0.091), (32, 501, 0.091), (33, 1237, 0.09), (34, 1024, 0.088), (35, 790, 0.086), (36, 1194, 0.085), (37, 988, 0.085), (38, 550, 0.084), (39, 386, 0.08), (40, 243, 0.08), (41, 582, 0.077), (42, 340, 0.077), (43, 804, 0.076), (44, 830, 0.076), (45, 473, 0.075), (46, 182, 0.075), (47, 502, 0.075), (48, 332, 0.073), (49, 875, 0.071), (50, 1145, 0.071)]
88;[(1, 62, 0.217), (2, 1171, 0.189), (3, 699, 0.182), (4, 262, 0.175), (5, 614, 0.174), (6, 790, 0.173), (7, 111, 0.171), (8, 437, 0.169), (9, 64, 0.167), (10, 990, 0.156), (11, 1102, 0.14), (12, 498, 0.139), (13, 432, 0.139), (14, 160, 0.139), (15, 550, 0.132), (16, 427, 0.129), (17, 1091, 0.127), (18, 814, 0.126), (19, 536, 0.122), (20, 242, 0.121), (21, 989, 0.121), (22, 761, 0.12), (23, 1170, 0.119), (24, 590, 0.118), (25, 32, 0.118), (26, 552, 0.115), (27, 599, 0.114), (28, 592, 0.112), (29, 763, 0.107), (30, 863, 0.103), (31, 988, 0.102), (32, 24, 0.102), (33, 63, 0.102), (34, 487, 0.1), (35, 874, 0.1), (36, 1038, 0.099), (37, 1190, 0.097), (38, 511, 0.096), (39, 964, 0.095), (40, 81, 0.095), (41, 804, 0.095), (42, 934, 0.092), (43, 1131, 0.092), (44, 517, 0.092), (45, 1147, 0.091), (46, 588, 0.09), (47, 1237, 0.09), (48, 1024, 0.088), (49, 987, 0.086), (50, 188, 0.086)]
89;[(1, 469, 0.314), (2, 778, 0.255), (3, 912, 0.219), (4, 159, 0.163), (5, 460, 0.163), (6, 62, 0.159), (7, 282, 0.159), (8, 588, 0.156), (9, 1091, 0.152), (10, 890, 0.152), (11, 790, 0.15), (12, 590, 0.15), (13, 905, 0.143), (14, 1171, 0.138), (15, 1065, 0.135), (16, 1, 0.133), (17, 6, 0.133), (18, 987, 0.129), (19, 989, 0.129), (20, 760, 0.127), (21, 447, 0.127), (22, 884, 0.126), (23, 479, 0.122), (24, 80, 0.122), (25, 753, 0.121), (26, 668, 0.12), (27, 589, 0.118), (28, 1077, 0.118), (29, 427, 0.118), (30, 178, 0.118), (31, 7, 0.116), (32, 1071, 0.115), (33, 82, 0.114), (34, 177, 0.112), (35, 81, 0.112), (36, 188, 0.112), (37, 260, 0.109), (38, 800, 0.106), (39, 802, 0.106), (40, 913, 0.101), (41, 459, 0.101), (42, 265, 0.099), (43, 458, 0.099), (44, 528, 0.098), (45, 1205, 0.096), (46, 988, 0.096), (47, 1112, 0.094), (48, 550, 0.094), (49, 365, 0.093), (50, 983, 0.091)]
90;[(1, 451, 0.414), (2, 177, 0.412), (3, 884, 0.399), (4, 7, 0.396), (5, 260, 0.354), (6, 912, 0.331), (7, 778, 0.29), (8, 161, 0.261), (9, 589, 0.253), (10, 447, 0.247), (11, 479, 0.245), (12, 265, 0.243), (13, 790, 0.218), (14, 346, 0.216), (15, 469, 0.212), (16, 588, 0.191), (17, 1171, 0.19), (18, 427, 0.17), (19, 1086, 0.169), (20, 753, 0.169), (21, 987, 0.163), (22, 159, 0.163), (23, 460, 0.163), (24, 178, 0.161), (25, 802, 0.159), (26, 62, 0.159), (27, 282, 0.159), (28, 80, 0.158), (29, 555, 0.156), (30, 1091, 0.152), (31, 890, 0.152), (32, 590, 0.15), (33, 556, 0.15), (34, 176, 0.149), (35, 988, 0.147), (36, 459, 0.145), (37, 989, 0.145), (38, 554, 0.144), (39, 905, 0.143), (40, 179, 0.14), (41, 1112, 0.137), (42, 1065, 0.135), (43, 1, 0.133), (44, 6, 0.133), (45, 625, 0.126), (46, 392, 0.124), (47, 706, 0.123), (48, 123, 0.116), (49, 1071, 0.115), (50, 550, 0.114)]
91;[(1, 791, 0.356), (2, 643, 0.264), (3, 798, 0.246), (4, 715, 0.213), (5, 928, 0.21), (6, 830, 0.196), (7, 96, 0.185), (8, 822, 0.173), (9, 770, 0.171), (10, 440, 0.17), (11, 699, 0.169), (12, 443, 0.166), (13, 763, 0.161), (14, 755, 0.156), (15, 688, 0.156), (16, 657, 0.154), (17, 333, 0.154), (18, 234, 0.153), (19, 129, 0.151), (20, 1206, 0.147), (21, 64, 0.147), (22, 398, 0.144), (23, 990, 0.144), (24, 875, 0.142), (25, 424, 0.141), (26, 635, 0.138), (27, 921, 0.138), (28, 392, 0.133), (29, 899, 0.131), (30, 719, 0.129), (31, 210, 0.126), (32, 150, 0.126), (33, 815, 0.122), (34, 99, 0.121), (35, 301, 0.118), (36, 814, 0.116), (37, 984, 0.116), (38, 68, 0.114), (39, 370, 0.113), (40, 262, 0.113), (41, 462, 0.112), (42, 437, 0.111), (43, 1033, 0.11), (44, 32, 0.109), (45, 1101, 0.109), (46, 207, 0.108), (47, 810, 0.104), (48, 882, 0.103), (49, 1158, 0.101), (50, 332, 0.101)]
92;[(1, 661, 0.344), (2, 942, 0.233), (3, 258, 0.205), (4, 354, 0.188), (5, 778, 0.185), (6, 910, 0.172), (7, 148, 0.138), (8, 804, 0.134), (9, 692, 0.133), (10, 204, 0.13), (11, 332, 0.128), (12, 513, 0.127), (13, 1093, 0.124), (14, 971, 0.114), (15, 1147, 0.112), (16, 473, 0.106), (17, 346, 0.106), (18, 766, 0.104), (19, 472, 0.101), (20, 213, 0.093), (21, 1195, 0.092), (22, 550, 0.085), (23, 1107, 0.082), (24, 952, 0.082), (25, 824, 0.082), (26, 446, 0.082), (27, 438, 0.076), (28, 783, 0.076), (29, 767, 0.075), (30, 676, 0.075), (31, 882, 0.073), (32, 200, 0.073), (33, 1173, 0.072), (34, 842, 0.072), (35, 541, 0.072), (36, 62, 0.071), (37, 1171, 0.07), (38, 599, 0.069), (39, 959, 0.068), (40, 731, 0.067), (41, 732, 0.066), (42, 849, 0.066), (43, 415, 0.066), (44, 89, 0.066), (45, 429, 0.064), (46, 347, 0.064), (47, 95, 0.063), (48, 188, 0.061), (49, 1005, 0.06), (50, 858, 0.06)]
93;[(1, 435, 0.186), (2, 705, 0.167), (3, 1234, 0.116), (4, 955, 0.116), (5, 69, 0.102), (6, 264, 0.095), (7, 395, 0.089), (8, 1182, 0.075), (9, 504, 0.071), (10, 442, 0.07), (11, 1123, 0.069), (12, 498, 0.068), (13, 721, 0.067), (14, 882, 0.064), (15, 903, 0.062), (16, 220, 0.062), (17, 1174, 0.059), (18, 549, 0.058), (19, 600, 0.057), (20, 670, 0.057), (21, 403, 0.056), (22, 362, 0.056), (23, 344, 0.055), (24, 605, 0.054), (25, 342, 0.053), (26, 1091, 0.052), (27, 742, 0.05), (28, 125, 0.05), (29, 740, 0.049), (30, 627, 0.048), (31, 359, 0.048), (32, 946, 0.047), (33, 641, 0.047), (34, 43, 0.047), (35, 114, 0.045), (36, 1027, 0.044), (37, 120, 0.044), (38, 1143, 0.042), (39, 628, 0.042), (40, 1236, 0.041), (41, 1004, 0.04), (42, 945, 0.04), (43, 270, 0.04), (44, 1156, 0.039), (45, 46, 0.036), (46, 911, 0.035), (47, 1041, 0.033), (48, 370, 0.033), (49, 709, 0.032), (50, 313, 0.032)]
94;[(1, 30, 0.242), (2, 606, 0.177), (3, 883, 0.14), (4, 566, 0.137), (5, 64, 0.123), (6, 1151, 0.113), (7, 51, 0.111), (8, 1110, 0.105), (9, 490, 0.102), (10, 1206, 0.101), (11, 1081, 0.101), (12, 504, 0.099), (13, 959, 0.096), (14, 352, 0.094), (15, 149, 0.087), (16, 814, 0.087), (17, 546, 0.085), (18, 1192, 0.085), (19, 437, 0.083), (20, 242, 0.083), (21, 594, 0.081), (22, 170, 0.081), (23, 791, 0.08), (24, 117, 0.08), (25, 736, 0.08), (26, 346, 0.077), (27, 62, 0.077), (28, 874, 0.077), (29, 366, 0.077), (30, 778, 0.076), (31, 611, 0.076), (32, 1077, 0.074), (33, 793, 0.074), (34, 1165, 0.074), (35, 343, 0.073), (36, 257, 0.072), (37, 1005, 0.071), (38, 372, 0.07), (39, 288, 0.07), (40, 964, 0.069), (41, 364, 0.069), (42, 463, 0.068), (43, 163, 0.068), (44, 441, 0.067), (45, 1178, 0.067), (46, 1062, 0.066), (47, 357, 0.066), (48, 241, 0.065), (49, 1047, 0.065), (50, 499, 0.064)]
95;[(1, 455, 0.302), (2, 594, 0.141), (3, 871, 0.123), (4, 1087, 0.111), (5, 1005, 0.103), (6, 43, 0.099), (7, 473, 0.093), (8, 322, 0.093), (9, 964, 0.088), (10, 559, 0.088), (11, 82, 0.088), (12, 63, 0.088), (13, 402, 0.087), (14, 1084, 0.087), (15, 673, 0.087), (16, 370, 0.082), (17, 793, 0.082), (18, 342, 0.081), (19, 1088, 0.08), (20, 1083, 0.08), (21, 1019, 0.079), (22, 297, 0.079), (23, 76, 0.079), (24, 1169, 0.078), (25, 369, 0.078), (26, 562, 0.075), (27, 514, 0.074), (28, 719, 0.074), (29, 898, 0.073), (30, 1112, 0.072), (31, 427, 0.072), (32, 172, 0.069), (33, 29, 0.069), (34, 454, 0.068), (35, 582, 0.067), (36, 1173, 0.066), (37, 250, 0.066), (38, 883, 0.065), (39, 727, 0.065), (40, 8, 0.065), (41, 586, 0.064), (42, 433, 0.064), (43, 281, 0.063), (44, 1128, 0.063), (45, 332, 0.063), (46, 255, 0.062), (47, 118, 0.062), (48, 944, 0.062), (49, 37, 0.061), (50, 968, 0.061)]
96;[(1, 6, 0.228), (2, 751, 0.216), (3, 539, 0.211), (4, 383, 0.209), (5, 1185, 0.185), (6, 765, 0.175), (7, 140, 0.171), (8, 757, 0.167), (9, 118, 0.161), (10, 766, 0.155), (11, 397, 0.152), (12, 655, 0.15), (13, 416, 0.148), (14, 924, 0.148), (15, 568, 0.146), (16, 44, 0.145), (17, 958, 0.145), (18, 125, 0.144), (19, 710, 0.142), (20, 135, 0.126), (21, 1201, 0.123), (22, 594, 0.116), (23, 570, 0.116), (24, 624, 0.115), (25, 230, 0.115), (26, 1175, 0.114), (27, 426, 0.113), (28, 562, 0.109), (29, 453, 0.106), (30, 804, 0.105), (31, 436, 0.104), (32, 571, 0.104), (33, 490, 0.102), (34, 1237, 0.101), (35, 1200, 0.098), (36, 435, 0.097), (37, 199, 0.096), (38, 971, 0.092), (39, 691, 0.091), (40, 1110, 0.091), (41, 142, 0.091), (42, 154, 0.09), (43, 393, 0.09), (44, 567, 0.088), (45, 144, 0.088), (46, 711, 0.083), (47, 1238, 0.083), (48, 388, 0.081), (49, 605, 0.081), (50, 1126, 0.08)]
97;[(1, 180, 0.183), (2, 791, 0.167), (3, 1118, 0.159), (4, 1214, 0.149), (5, 562, 0.137), (6, 1018, 0.116), (7, 64, 0.116), (8, 505, 0.115), (9, 1151, 0.113), (10, 484, 0.105), (11, 498, 0.103), (12, 546, 0.098), (13, 516, 0.089), (14, 360, 0.083), (15, 163, 0.083), (16, 1081, 0.081), (17, 1152, 0.081), (18, 1156, 0.08), (19, 957, 0.076), (20, 1078, 0.074), (21, 980, 0.069), (22, 394, 0.066), (23, 1071, 0.066), (24, 1184, 0.065), (25, 1149, 0.064), (26, 1008, 0.064), (27, 373, 0.064), (28, 581, 0.064), (29, 699, 0.064), (30, 823, 0.063), (31, 629, 0.062), (32, 643, 0.062), (33, 742, 0.06), (34, 1143, 0.058), (35, 372, 0.058), (36, 543, 0.057), (37, 1180, 0.057), (38, 620, 0.057), (39, 67, 0.057), (40, 1185, 0.056), (41, 1222, 0.056), (42, 836, 0.055), (43, 828, 0.055), (44, 736, 0.055), (45, 605, 0.054), (46, 145, 0.053), (47, 1157, 0.053), (48, 920, 0.053), (49, 958, 0.052), (50, 883, 0.052)]
98;[(1, 268, 0.412), (2, 449, 0.308), (3, 324, 0.269), (4, 566, 0.149), (5, 352, 0.124), (6, 117, 0.122), (7, 490, 0.111), (8, 364, 0.105), (9, 1192, 0.1), (10, 594, 0.098), (11, 170, 0.089), (12, 42, 0.089), (13, 1110, 0.086), (14, 59, 0.086), (15, 172, 0.084), (16, 504, 0.082), (17, 630, 0.079), (18, 747, 0.074), (19, 541, 0.072), (20, 1013, 0.072), (21, 149, 0.071), (22, 62, 0.071), (23, 1237, 0.07), (24, 1171, 0.07), (25, 322, 0.069), (26, 856, 0.068), (27, 959, 0.068), (28, 804, 0.067), (29, 602, 0.064), (30, 429, 0.064), (31, 347, 0.064), (32, 605, 0.062), (33, 446, 0.062), (34, 190, 0.061), (35, 188, 0.061), (36, 84, 0.06), (37, 1005, 0.06), (38, 14, 0.06), (39, 1016, 0.06), (40, 383, 0.06), (41, 55, 0.059), (42, 346, 0.059), (43, 872, 0.059), (44, 964, 0.058), (45, 936, 0.058), (46, 1062, 0.058), (47, 969, 0.057), (48, 587, 0.057), (49, 189, 0.057), (50, 812, 0.056)]
99;[(1, 183, 0.435), (2, 579, 0.321), (3, 871, 0.155), (4, 594, 0.151), (5, 1017, 0.147), (6, 1081, 0.12), (7, 82, 0.112), (8, 402, 0.11), (9, 813, 0.108), (10, 460, 0.107), (11, 359, 0.106), (12, 370, 0.104), (13, 727, 0.1), (14, 332, 0.099), (15, 369, 0.098), (16, 883, 0.096), (17, 514, 0.094), (18, 473, 0.094), (19, 837, 0.094), (20, 823, 0.093), (21, 89, 0.091), (22, 427, 0.091), (23, 1087, 0.091), (24, 1078, 0.087), (25, 1019, 0.087), (26, 389, 0.086), (27, 250, 0.084), (28, 800, 0.082), (29, 898, 0.079), (30, 1083, 0.078), (31, 1180, 0.076), (32, 1005, 0.075), (33, 964, 0.075), (34, 725, 0.075), (35, 982, 0.075), (36, 940, 0.072), (37, 696, 0.07), (38, 559, 0.07), (39, 1226, 0.07), (40, 968, 0.069), (41, 791, 0.069), (42, 665, 0.069), (43, 159, 0.069), (44, 238, 0.067), (45, 1151, 0.067), (46, 826, 0.065), (47, 200, 0.065), (48, 1094, 0.065), (49, 459, 0.064), (50, 648, 0.063)]
