1;[(1, 437, 0.276), (2, 498, 0.209), (3, 484, 0.177), (4, 754, 0.171), (5, 827, 0.169), (6, 957, 0.161), (7, 533, 0.16), (8, 856, 0.16), (9, 499, 0.159), (10, 925, 0.156), (11, 441, 0.152), (12, 27, 0.149), (13, 592, 0.145), (14, 526, 0.145), (15, 481, 0.136), (16, 741, 0.134), (17, 52, 0.13), (18, 711, 0.124), (19, 151, 0.124), (20, 392, 0.124), (21, 461, 0.117), (22, 1188, 0.116), (23, 302, 0.113), (24, 1180, 0.112), (25, 730, 0.11), (26, 568, 0.11), (27, 11, 0.108), (28, 975, 0.107), (29, 53, 0.104), (30, 40, 0.102), (31, 1078, 0.102), (32, 463, 0.1), (33, 960, 0.099), (34, 1064, 0.099), (35, 847, 0.098), (36, 139, 0.096), (37, 1107, 0.096), (38, 967, 0.094), (39, 311, 0.093), (40, 1026, 0.091), (41, 511, 0.09), (42, 503, 0.09), (43, 505, 0.089), (44, 265, 0.089), (45, 980, 0.088), (46, 501, 0.087), (47, 789, 0.084), (48, 1227, 0.083), (49, 823, 0.08), (50, 563, 0.08)]
2;[(1, 761, 0.403), (2, 160, 0.267), (3, 592, 0.257), (4, 1170, 0.251), (5, 498, 0.239), (6, 590, 0.224), (7, 980, 0.217), (8, 733, 0.197), (9, 1, 0.186), (10, 754, 0.183), (11, 437, 0.179), (12, 137, 0.153), (13, 769, 0.151), (14, 912, 0.15), (15, 742, 0.148), (16, 1223, 0.145), (17, 1078, 0.144), (18, 459, 0.134), (19, 1091, 0.131), (20, 440, 0.131), (21, 62, 0.131), (22, 925, 0.128), (23, 159, 0.128), (24, 189, 0.119), (25, 6, 0.119), (26, 297, 0.119), (27, 265, 0.114), (28, 111, 0.114), (29, 588, 0.112), (30, 427, 0.11), (31, 133, 0.108), (32, 487, 0.107), (33, 481, 0.105), (34, 499, 0.105), (35, 271, 0.104), (36, 1080, 0.104), (37, 300, 0.103), (38, 11, 0.103), (39, 711, 0.103), (40, 555, 0.099), (41, 1197, 0.098), (42, 333, 0.098), (43, 511, 0.095), (44, 768, 0.095), (45, 790, 0.093), (46, 151, 0.092), (47, 179, 0.091), (48, 1109, 0.09), (49, 598, 0.09), (50, 176, 0.09)]
3;[(1, 856, 0.266), (2, 1206, 0.251), (3, 633, 0.243), (4, 307, 0.204), (5, 2, 0.2), (6, 77, 0.191), (7, 439, 0.189), (8, 680, 0.186), (9, 959, 0.184), (10, 635, 0.181), (11, 23, 0.18), (12, 500, 0.163), (13, 1196, 0.162), (14, 852, 0.158), (15, 150, 0.156), (16, 754, 0.155), (17, 462, 0.152), (18, 529, 0.148), (19, 1064, 0.148), (20, 805, 0.144), (21, 958, 0.143), (22, 147, 0.142), (23, 901, 0.133), (24, 624, 0.13), (25, 367, 0.128), (26, 1161, 0.127), (27, 466, 0.124), (28, 55, 0.121), (29, 702, 0.117), (30, 710, 0.115), (31, 310, 0.114), (32, 308, 0.113), (33, 356, 0.113), (34, 269, 0.112), (35, 172, 0.11), (36, 497, 0.109), (37, 65, 0.107), (38, 553, 0.106), (39, 196, 0.106), (40, 1029, 0.106), (41, 320, 0.106), (42, 173, 0.106), (43, 26, 0.104), (44, 854, 0.104), (45, 399, 0.102), (46, 956, 0.102), (47, 118, 0.102), (48, 218, 0.1), (49, 1137, 0.1), (50, 32, 0.1)]
4;[(1, 715, 0.337), (2, 357, 0.254), (3, 604, 0.222), (4, 928, 0.214), (5, 160, 0.211), (6, 498, 0.207), (7, 761, 0.198), (8, 441, 0.198), (9, 1030, 0.196), (10, 991, 0.195), (11, 311, 0.193), (12, 876, 0.189), (13, 820, 0.185), (14, 374, 0.183), (15, 725, 0.167), (16, 497, 0.15), (17, 980, 0.147), (18, 568, 0.146), (19, 835, 0.143), (20, 827, 0.141), (21, 499, 0.13), (22, 1053, 0.129), (23, 1170, 0.128), (24, 856, 0.12), (25, 515, 0.115), (26, 875, 0.114), (27, 867, 0.113), (28, 11, 0.112), (29, 1197, 0.111), (30, 503, 0.11), (31, 711, 0.109), (32, 288, 0.108), (33, 77, 0.106), (34, 333, 0.103), (35, 539, 0.101), (36, 585, 0.097), (37, 1067, 0.094), (38, 912, 0.093), (39, 402, 0.093), (40, 135, 0.092), (41, 955, 0.091), (42, 375, 0.09), (43, 23, 0.09), (44, 439, 0.09), (45, 710, 0.087), (46, 1, 0.087), (47, 1039, 0.087), (48, 300, 0.087), (49, 1080, 0.086), (50, 861, 0.086)]
5;[(1, 498, 0.397), (2, 437, 0.248), (3, 925, 0.241), (4, 754, 0.24), (5, 300, 0.231), (6, 499, 0.223), (7, 501, 0.219), (8, 711, 0.215), (9, 592, 0.206), (10, 151, 0.205), (11, 481, 0.204), (12, 975, 0.185), (13, 827, 0.184), (14, 364, 0.183), (15, 776, 0.177), (16, 1064, 0.171), (17, 463, 0.159), (18, 594, 0.157), (19, 490, 0.154), (20, 980, 0.153), (21, 504, 0.149), (22, 117, 0.141), (23, 566, 0.139), (24, 265, 0.133), (25, 441, 0.132), (26, 867, 0.12), (27, 909, 0.116), (28, 1237, 0.112), (29, 189, 0.11), (30, 1110, 0.109), (31, 856, 0.108), (32, 571, 0.108), (33, 1063, 0.106), (34, 266, 0.106), (35, 568, 0.103), (36, 503, 0.103), (37, 608, 0.103), (38, 564, 0.103), (39, 511, 0.099), (40, 921, 0.098), (41, 814, 0.098), (42, 691, 0.097), (43, 84, 0.096), (44, 872, 0.088), (45, 1223, 0.088), (46, 352, 0.087), (47, 190, 0.086), (48, 149, 0.085), (49, 59, 0.085), (50, 1156, 0.083)]
6;[(1, 31, 0.31), (2, 47, 0.279), (3, 441, 0.262), (4, 593, 0.255), (5, 976, 0.242), (6, 805, 0.23), (7, 546, 0.192), (8, 577, 0.181), (9, 1164, 0.171), (10, 496, 0.162), (11, 945, 0.154), (12, 844, 0.154), (13, 347, 0.144), (14, 497, 0.14), (15, 820, 0.139), (16, 27, 0.139), (17, 980, 0.136), (18, 503, 0.134), (19, 109, 0.132), (20, 856, 0.126), (21, 77, 0.123), (22, 592, 0.12), (23, 802, 0.119), (24, 499, 0.118), (25, 986, 0.116), (26, 875, 0.115), (27, 533, 0.113), (28, 498, 0.113), (29, 437, 0.109), (30, 189, 0.109), (31, 359, 0.106), (32, 463, 0.106), (33, 1149, 0.106), (34, 119, 0.106), (35, 447, 0.105), (36, 1169, 0.103), (37, 629, 0.103), (38, 1180, 0.102), (39, 374, 0.101), (40, 458, 0.098), (41, 369, 0.098), (42, 311, 0.096), (43, 67, 0.096), (44, 439, 0.095), (45, 1099, 0.094), (46, 734, 0.094), (47, 1005, 0.094), (48, 988, 0.094), (49, 975, 0.09), (50, 333, 0.09)]
7;[(1, 856, 0.323), (2, 498, 0.241), (3, 754, 0.24), (4, 1064, 0.213), (5, 633, 0.195), (6, 437, 0.191), (7, 307, 0.177), (8, 151, 0.169), (9, 439, 0.164), (10, 827, 0.161), (11, 680, 0.161), (12, 466, 0.158), (13, 958, 0.157), (14, 23, 0.156), (15, 1196, 0.155), (16, 463, 0.144), (17, 805, 0.144), (18, 500, 0.141), (19, 481, 0.141), (20, 256, 0.139), (21, 711, 0.138), (22, 147, 0.138), (23, 901, 0.132), (24, 710, 0.131), (25, 529, 0.129), (26, 925, 0.128), (27, 1206, 0.127), (28, 371, 0.123), (29, 975, 0.122), (30, 1062, 0.121), (31, 173, 0.118), (32, 1202, 0.112), (33, 624, 0.112), (34, 497, 0.112), (35, 1161, 0.11), (36, 55, 0.105), (37, 499, 0.105), (38, 320, 0.105), (39, 592, 0.103), (40, 1209, 0.103), (41, 166, 0.103), (42, 854, 0.102), (43, 702, 0.101), (44, 755, 0.101), (45, 192, 0.099), (46, 310, 0.099), (47, 737, 0.098), (48, 308, 0.098), (49, 269, 0.097), (50, 1239, 0.096)]
8;[(1, 160, 0.218), (2, 761, 0.162), (3, 624, 0.13), (4, 531, 0.127), (5, 1170, 0.126), (6, 1030, 0.124), (7, 233, 0.12), (8, 11, 0.108), (9, 166, 0.104), (10, 417, 0.102), (11, 297, 0.102), (12, 437, 0.099), (13, 173, 0.098), (14, 192, 0.098), (15, 65, 0.097), (16, 322, 0.094), (17, 439, 0.091), (18, 118, 0.091), (19, 853, 0.087), (20, 210, 0.086), (21, 773, 0.085), (22, 958, 0.084), (23, 754, 0.082), (24, 154, 0.077), (25, 32, 0.077), (26, 35, 0.077), (27, 1067, 0.077), (28, 912, 0.076), (29, 834, 0.075), (30, 353, 0.074), (31, 655, 0.074), (32, 401, 0.073), (33, 1206, 0.073), (34, 980, 0.072), (35, 926, 0.072), (36, 307, 0.071), (37, 711, 0.071), (38, 1, 0.071), (39, 765, 0.071), (40, 1080, 0.07), (41, 1053, 0.07), (42, 736, 0.07), (43, 442, 0.07), (44, 51, 0.069), (45, 733, 0.069), (46, 218, 0.069), (47, 930, 0.068), (48, 590, 0.068), (49, 148, 0.068), (50, 308, 0.068)]
9;[(1, 414, 0.305), (2, 545, 0.302), (3, 870, 0.297), (4, 165, 0.255), (5, 878, 0.254), (6, 157, 0.253), (7, 59, 0.237), (8, 1108, 0.235), (9, 296, 0.234), (10, 720, 0.23), (11, 1115, 0.226), (12, 1190, 0.218), (13, 1184, 0.218), (14, 854, 0.215), (15, 676, 0.204), (16, 1013, 0.201), (17, 581, 0.2), (18, 1106, 0.197), (19, 339, 0.193), (20, 204, 0.188), (21, 174, 0.173), (22, 197, 0.165), (23, 752, 0.162), (24, 747, 0.156), (25, 126, 0.156), (26, 853, 0.154), (27, 866, 0.153), (28, 715, 0.152), (29, 863, 0.148), (30, 355, 0.142), (31, 690, 0.141), (32, 99, 0.139), (33, 549, 0.138), (34, 1088, 0.132), (35, 63, 0.129), (36, 1216, 0.121), (37, 14, 0.114), (38, 794, 0.113), (39, 67, 0.113), (40, 1107, 0.113), (41, 333, 0.113), (42, 149, 0.113), (43, 410, 0.112), (44, 376, 0.112), (45, 408, 0.108), (46, 443, 0.108), (47, 796, 0.105), (48, 1219, 0.104), (49, 857, 0.101), (50, 1162, 0.1)]
10;[(1, 414, 0.341), (2, 878, 0.297), (3, 1108, 0.295), (4, 1190, 0.289), (5, 157, 0.282), (6, 676, 0.273), (7, 1115, 0.266), (8, 1106, 0.214), (9, 1234, 0.205), (10, 159, 0.202), (11, 510, 0.2), (12, 296, 0.197), (13, 552, 0.194), (14, 438, 0.188), (15, 165, 0.188), (16, 326, 0.179), (17, 581, 0.179), (18, 970, 0.178), (19, 1180, 0.167), (20, 1218, 0.167), (21, 794, 0.146), (22, 963, 0.145), (23, 914, 0.139), (24, 767, 0.134), (25, 126, 0.131), (26, 90, 0.121), (27, 799, 0.118), (28, 1107, 0.117), (29, 1239, 0.115), (30, 974, 0.114), (31, 943, 0.114), (32, 1071, 0.11), (33, 806, 0.109), (34, 897, 0.109), (35, 1171, 0.105), (36, 1066, 0.104), (37, 1165, 0.104), (38, 468, 0.103), (39, 992, 0.103), (40, 389, 0.103), (41, 81, 0.102), (42, 473, 0.1), (43, 985, 0.098), (44, 27, 0.096), (45, 715, 0.093), (46, 212, 0.093), (47, 135, 0.092), (48, 945, 0.092), (49, 1093, 0.089), (50, 1112, 0.089)]
11;[(1, 991, 0.417), (2, 96, 0.343), (3, 835, 0.283), (4, 798, 0.282), (5, 799, 0.274), (6, 649, 0.272), (7, 909, 0.257), (8, 659, 0.249), (9, 1064, 0.247), (10, 908, 0.241), (11, 796, 0.231), (12, 319, 0.219), (13, 483, 0.213), (14, 834, 0.195), (15, 697, 0.193), (16, 318, 0.177), (17, 234, 0.169), (18, 33, 0.163), (19, 518, 0.16), (20, 1119, 0.157), (21, 482, 0.157), (22, 1002, 0.151), (23, 775, 0.151), (24, 10, 0.151), (25, 849, 0.149), (26, 900, 0.149), (27, 959, 0.14), (28, 772, 0.138), (29, 470, 0.136), (30, 1014, 0.134), (31, 713, 0.13), (32, 35, 0.13), (33, 1028, 0.125), (34, 661, 0.109), (35, 192, 0.107), (36, 1174, 0.107), (37, 1178, 0.106), (38, 175, 0.105), (39, 1176, 0.104), (40, 831, 0.104), (41, 836, 0.103), (42, 396, 0.103), (43, 994, 0.101), (44, 489, 0.1), (45, 186, 0.1), (46, 1226, 0.097), (47, 331, 0.097), (48, 38, 0.096), (49, 877, 0.093), (50, 71, 0.093)]
12;[(1, 834, 0.244), (2, 125, 0.215), (3, 383, 0.215), (4, 919, 0.184), (5, 1051, 0.177), (6, 288, 0.173), (7, 711, 0.169), (8, 278, 0.165), (9, 32, 0.16), (10, 205, 0.16), (11, 381, 0.159), (12, 896, 0.158), (13, 490, 0.154), (14, 140, 0.152), (15, 772, 0.141), (16, 46, 0.136), (17, 872, 0.133), (18, 504, 0.13), (19, 1050, 0.128), (20, 970, 0.126), (21, 775, 0.124), (22, 715, 0.123), (23, 1017, 0.122), (24, 1237, 0.121), (25, 1103, 0.12), (26, 566, 0.12), (27, 126, 0.118), (28, 289, 0.118), (29, 928, 0.115), (30, 594, 0.112), (31, 287, 0.111), (32, 538, 0.111), (33, 292, 0.109), (34, 993, 0.108), (35, 364, 0.105), (36, 286, 0.104), (37, 649, 0.104), (38, 424, 0.103), (39, 428, 0.102), (40, 135, 0.102), (41, 658, 0.102), (42, 605, 0.1), (43, 322, 0.1), (44, 430, 0.1), (45, 129, 0.1), (46, 500, 0.097), (47, 562, 0.097), (48, 1239, 0.096), (49, 1066, 0.096), (50, 570, 0.096)]
13;[(1, 791, 0.233), (2, 902, 0.224), (3, 915, 0.206), (4, 643, 0.196), (5, 770, 0.185), (6, 150, 0.181), (7, 1124, 0.179), (8, 798, 0.177), (9, 928, 0.173), (10, 1134, 0.155), (11, 635, 0.155), (12, 314, 0.153), (13, 920, 0.149), (14, 1206, 0.149), (15, 959, 0.149), (16, 688, 0.143), (17, 301, 0.142), (18, 852, 0.132), (19, 1186, 0.13), (20, 652, 0.129), (21, 571, 0.126), (22, 913, 0.126), (23, 715, 0.125), (24, 944, 0.125), (25, 657, 0.125), (26, 499, 0.124), (27, 96, 0.124), (28, 424, 0.12), (29, 506, 0.116), (30, 370, 0.116), (31, 1033, 0.112), (32, 905, 0.112), (33, 719, 0.112), (34, 1122, 0.11), (35, 210, 0.11), (36, 1076, 0.11), (37, 978, 0.109), (38, 89, 0.109), (39, 879, 0.109), (40, 333, 0.108), (41, 522, 0.107), (42, 830, 0.105), (43, 496, 0.104), (44, 1008, 0.102), (45, 616, 0.102), (46, 900, 0.102), (47, 63, 0.098), (48, 690, 0.098), (49, 10, 0.097), (50, 68, 0.097)]
14;[(1, 791, 0.407), (2, 798, 0.316), (3, 643, 0.244), (4, 150, 0.227), (5, 920, 0.208), (6, 928, 0.19), (7, 1214, 0.188), (8, 465, 0.183), (9, 314, 0.181), (10, 930, 0.181), (11, 697, 0.17), (12, 916, 0.17), (13, 902, 0.167), (14, 719, 0.167), (15, 210, 0.164), (16, 1124, 0.16), (17, 440, 0.159), (18, 959, 0.15), (19, 1052, 0.148), (20, 584, 0.147), (21, 1206, 0.145), (22, 225, 0.145), (23, 899, 0.139), (24, 770, 0.138), (25, 1123, 0.137), (26, 688, 0.135), (27, 815, 0.128), (28, 652, 0.126), (29, 946, 0.125), (30, 1186, 0.125), (31, 174, 0.124), (32, 204, 0.124), (33, 370, 0.123), (34, 1176, 0.122), (35, 96, 0.121), (36, 913, 0.12), (37, 616, 0.118), (38, 282, 0.117), (39, 448, 0.117), (40, 635, 0.115), (41, 611, 0.111), (42, 482, 0.111), (43, 129, 0.111), (44, 64, 0.111), (45, 657, 0.109), (46, 68, 0.108), (47, 755, 0.107), (48, 1151, 0.106), (49, 1008, 0.104), (50, 1076, 0.102)]
15;[(1, 994, 0.294), (2, 690, 0.199), (3, 822, 0.183), (4, 601, 0.181), (5, 474, 0.159), (6, 908, 0.148), (7, 443, 0.142), (8, 769, 0.137), (9, 833, 0.135), (10, 398, 0.133), (11, 186, 0.129), (12, 333, 0.119), (13, 322, 0.118), (14, 837, 0.115), (15, 370, 0.107), (16, 359, 0.106), (17, 1013, 0.104), (18, 642, 0.096), (19, 775, 0.094), (20, 1062, 0.091), (21, 703, 0.091), (22, 64, 0.09), (23, 392, 0.087), (24, 422, 0.086), (25, 42, 0.086), (26, 475, 0.084), (27, 252, 0.082), (28, 450, 0.081), (29, 99, 0.081), (30, 59, 0.081), (31, 772, 0.08), (32, 559, 0.08), (33, 603, 0.078), (34, 549, 0.078), (35, 477, 0.078), (36, 207, 0.078), (37, 156, 0.078), (38, 978, 0.077), (39, 770, 0.074), (40, 96, 0.074), (41, 1118, 0.073), (42, 882, 0.072), (43, 505, 0.072), (44, 921, 0.071), (45, 17, 0.067), (46, 1083, 0.066), (47, 733, 0.065), (48, 617, 0.065), (49, 1216, 0.064), (50, 499, 0.064)]
16;[(1, 991, 0.333), (2, 649, 0.301), (3, 908, 0.265), (4, 96, 0.255), (5, 798, 0.254), (6, 659, 0.24), (7, 835, 0.231), (8, 333, 0.23), (9, 799, 0.204), (10, 697, 0.196), (11, 234, 0.185), (12, 1064, 0.184), (13, 854, 0.175), (14, 483, 0.174), (15, 775, 0.167), (16, 443, 0.157), (17, 319, 0.157), (18, 204, 0.154), (19, 870, 0.152), (20, 1226, 0.15), (21, 186, 0.149), (22, 772, 0.149), (23, 1119, 0.146), (24, 834, 0.146), (25, 473, 0.143), (26, 518, 0.139), (27, 301, 0.138), (28, 470, 0.138), (29, 875, 0.133), (30, 690, 0.133), (31, 752, 0.132), (32, 1184, 0.132), (33, 318, 0.132), (34, 1174, 0.13), (35, 747, 0.127), (36, 853, 0.126), (37, 849, 0.119), (38, 38, 0.119), (39, 482, 0.117), (40, 1126, 0.117), (41, 1028, 0.116), (42, 763, 0.115), (43, 909, 0.115), (44, 549, 0.113), (45, 1002, 0.113), (46, 900, 0.111), (47, 1013, 0.109), (48, 59, 0.107), (49, 339, 0.106), (50, 322, 0.103)]
17;[(1, 791, 0.304), (2, 150, 0.226), (3, 823, 0.215), (4, 1107, 0.211), (5, 185, 0.194), (6, 810, 0.193), (7, 816, 0.193), (8, 798, 0.186), (9, 902, 0.177), (10, 688, 0.173), (11, 89, 0.164), (12, 635, 0.156), (13, 643, 0.155), (14, 424, 0.155), (15, 852, 0.153), (16, 725, 0.149), (17, 770, 0.146), (18, 1078, 0.145), (19, 1124, 0.141), (20, 314, 0.141), (21, 1055, 0.14), (22, 755, 0.139), (23, 1215, 0.139), (24, 1128, 0.137), (25, 847, 0.137), (26, 1076, 0.137), (27, 928, 0.137), (28, 1093, 0.133), (29, 510, 0.133), (30, 506, 0.131), (31, 1101, 0.128), (32, 830, 0.125), (33, 1081, 0.122), (34, 1053, 0.122), (35, 359, 0.121), (36, 1103, 0.12), (37, 1206, 0.118), (38, 603, 0.118), (39, 813, 0.118), (40, 652, 0.118), (41, 392, 0.118), (42, 959, 0.118), (43, 734, 0.115), (44, 332, 0.115), (45, 696, 0.112), (46, 616, 0.11), (47, 622, 0.109), (48, 371, 0.108), (49, 291, 0.106), (50, 68, 0.105)]
18;[(1, 1016, 0.308), (2, 205, 0.262), (3, 423, 0.256), (4, 424, 0.24), (5, 993, 0.205), (6, 658, 0.202), (7, 185, 0.198), (8, 816, 0.195), (9, 129, 0.189), (10, 395, 0.179), (11, 642, 0.178), (12, 313, 0.153), (13, 844, 0.151), (14, 994, 0.15), (15, 181, 0.143), (16, 220, 0.141), (17, 1107, 0.137), (18, 810, 0.133), (19, 359, 0.129), (20, 361, 0.126), (21, 656, 0.125), (22, 657, 0.124), (23, 992, 0.117), (24, 660, 0.115), (25, 1215, 0.104), (26, 991, 0.102), (27, 688, 0.097), (28, 813, 0.096), (29, 153, 0.091), (30, 326, 0.087), (31, 616, 0.087), (32, 676, 0.086), (33, 282, 0.085), (34, 725, 0.084), (35, 199, 0.082), (36, 1168, 0.08), (37, 1162, 0.078), (38, 581, 0.078), (39, 157, 0.075), (40, 900, 0.074), (41, 89, 0.074), (42, 156, 0.073), (43, 96, 0.072), (44, 308, 0.07), (45, 212, 0.07), (46, 806, 0.069), (47, 292, 0.069), (48, 767, 0.065), (49, 888, 0.063), (50, 590, 0.063)]
19;[(1, 791, 0.286), (2, 150, 0.261), (3, 770, 0.257), (4, 798, 0.236), (5, 902, 0.214), (6, 643, 0.189), (7, 852, 0.186), (8, 96, 0.182), (9, 438, 0.179), (10, 1234, 0.178), (11, 1101, 0.176), (12, 510, 0.174), (13, 725, 0.172), (14, 908, 0.171), (15, 657, 0.167), (16, 159, 0.165), (17, 1124, 0.163), (18, 1055, 0.162), (19, 392, 0.161), (20, 928, 0.158), (21, 635, 0.157), (22, 688, 0.156), (23, 186, 0.155), (24, 755, 0.153), (25, 314, 0.152), (26, 326, 0.147), (27, 1128, 0.144), (28, 936, 0.143), (29, 1053, 0.141), (30, 767, 0.139), (31, 1206, 0.136), (32, 1180, 0.136), (33, 959, 0.136), (34, 900, 0.136), (35, 506, 0.136), (36, 914, 0.129), (37, 616, 0.128), (38, 622, 0.126), (39, 197, 0.126), (40, 806, 0.126), (41, 660, 0.125), (42, 823, 0.124), (43, 1103, 0.124), (44, 648, 0.122), (45, 68, 0.121), (46, 424, 0.119), (47, 963, 0.119), (48, 769, 0.117), (49, 94, 0.115), (50, 715, 0.114)]
20;[(1, 278, 0.491), (2, 126, 0.441), (3, 286, 0.387), (4, 919, 0.362), (5, 1215, 0.333), (6, 208, 0.283), (7, 292, 0.282), (8, 758, 0.279), (9, 283, 0.26), (10, 1066, 0.26), (11, 711, 0.255), (12, 1239, 0.252), (13, 715, 0.246), (14, 538, 0.245), (15, 662, 0.231), (16, 1050, 0.226), (17, 928, 0.224), (18, 970, 0.218), (19, 185, 0.189), (20, 540, 0.189), (21, 287, 0.189), (22, 924, 0.184), (23, 1168, 0.167), (24, 752, 0.167), (25, 424, 0.166), (26, 205, 0.159), (27, 823, 0.156), (28, 1103, 0.155), (29, 1078, 0.155), (30, 207, 0.154), (31, 816, 0.149), (32, 288, 0.148), (33, 1030, 0.148), (34, 332, 0.142), (35, 1107, 0.137), (36, 1087, 0.134), (37, 810, 0.133), (38, 1081, 0.131), (39, 359, 0.129), (40, 993, 0.122), (41, 962, 0.119), (42, 1180, 0.111), (43, 813, 0.111), (44, 802, 0.111), (45, 89, 0.111), (46, 658, 0.109), (47, 381, 0.109), (48, 129, 0.107), (49, 389, 0.104), (50, 181, 0.101)]
21;[(1, 68, 0.349), (2, 251, 0.321), (3, 791, 0.269), (4, 928, 0.267), (5, 709, 0.265), (6, 715, 0.255), (7, 1158, 0.227), (8, 643, 0.216), (9, 902, 0.177), (10, 1206, 0.172), (11, 1124, 0.17), (12, 657, 0.168), (13, 830, 0.153), (14, 98, 0.15), (15, 234, 0.149), (16, 770, 0.146), (17, 688, 0.143), (18, 150, 0.143), (19, 96, 0.143), (20, 635, 0.143), (21, 314, 0.141), (22, 798, 0.14), (23, 283, 0.133), (24, 1177, 0.131), (25, 424, 0.129), (26, 915, 0.127), (27, 899, 0.127), (28, 1017, 0.122), (29, 1088, 0.12), (30, 815, 0.12), (31, 126, 0.118), (32, 866, 0.118), (33, 959, 0.118), (34, 942, 0.115), (35, 755, 0.114), (36, 719, 0.108), (37, 332, 0.106), (38, 1216, 0.105), (39, 852, 0.104), (40, 1205, 0.104), (41, 810, 0.101), (42, 523, 0.101), (43, 197, 0.101), (44, 601, 0.1), (45, 443, 0.1), (46, 1190, 0.1), (47, 901, 0.099), (48, 462, 0.099), (49, 97, 0.097), (50, 626, 0.097)]
22;[(1, 871, 0.392), (2, 104, 0.359), (3, 328, 0.259), (4, 167, 0.237), (5, 881, 0.236), (6, 1144, 0.233), (7, 874, 0.211), (8, 510, 0.187), (9, 365, 0.172), (10, 431, 0.17), (11, 692, 0.163), (12, 671, 0.158), (13, 264, 0.157), (14, 113, 0.156), (15, 664, 0.143), (16, 342, 0.139), (17, 610, 0.133), (18, 451, 0.132), (19, 248, 0.123), (20, 476, 0.123), (21, 392, 0.121), (22, 488, 0.11), (23, 39, 0.11), (24, 807, 0.106), (25, 901, 0.105), (26, 782, 0.103), (27, 576, 0.102), (28, 276, 0.102), (29, 212, 0.102), (30, 514, 0.1), (31, 1192, 0.098), (32, 780, 0.097), (33, 880, 0.094), (34, 958, 0.087), (35, 1134, 0.087), (36, 850, 0.086), (37, 442, 0.085), (38, 855, 0.085), (39, 1208, 0.083), (40, 882, 0.083), (41, 665, 0.083), (42, 589, 0.082), (43, 343, 0.082), (44, 683, 0.08), (45, 480, 0.079), (46, 934, 0.078), (47, 120, 0.077), (48, 366, 0.074), (49, 42, 0.074), (50, 469, 0.074)]
23;[(1, 46, 0.204), (2, 545, 0.181), (3, 796, 0.151), (4, 768, 0.136), (5, 247, 0.131), (6, 863, 0.13), (7, 60, 0.127), (8, 902, 0.122), (9, 1080, 0.12), (10, 874, 0.118), (11, 197, 0.117), (12, 490, 0.106), (13, 432, 0.106), (14, 37, 0.104), (15, 719, 0.102), (16, 1217, 0.1), (17, 935, 0.099), (18, 158, 0.099), (19, 582, 0.098), (20, 599, 0.098), (21, 51, 0.096), (22, 666, 0.094), (23, 799, 0.091), (24, 99, 0.09), (25, 226, 0.089), (26, 881, 0.089), (27, 138, 0.089), (28, 841, 0.087), (29, 1008, 0.085), (30, 202, 0.085), (31, 427, 0.083), (32, 26, 0.082), (33, 2, 0.08), (34, 486, 0.079), (35, 779, 0.079), (36, 896, 0.078), (37, 819, 0.078), (38, 240, 0.078), (39, 149, 0.077), (40, 437, 0.077), (41, 1091, 0.077), (42, 32, 0.077), (43, 241, 0.077), (44, 1178, 0.076), (45, 770, 0.076), (46, 237, 0.076), (47, 778, 0.073), (48, 9, 0.072), (49, 1137, 0.072), (50, 476, 0.072)]
24;[(1, 822, 0.171), (2, 210, 0.149), (3, 96, 0.138), (4, 582, 0.12), (5, 190, 0.11), (6, 285, 0.108), (7, 325, 0.103), (8, 473, 0.1), (9, 1192, 0.098), (10, 793, 0.098), (11, 443, 0.094), (12, 477, 0.093), (13, 1062, 0.092), (14, 392, 0.091), (15, 322, 0.09), (16, 64, 0.089), (17, 60, 0.089), (18, 164, 0.086), (19, 42, 0.085), (20, 352, 0.082), (21, 722, 0.081), (22, 566, 0.08), (23, 1007, 0.076), (24, 370, 0.074), (25, 1066, 0.073), (26, 333, 0.069), (27, 1195, 0.068), (28, 207, 0.068), (29, 120, 0.067), (30, 1171, 0.066), (31, 309, 0.064), (32, 913, 0.064), (33, 69, 0.064), (34, 882, 0.062), (35, 872, 0.062), (36, 921, 0.062), (37, 541, 0.061), (38, 661, 0.061), (39, 1084, 0.06), (40, 23, 0.06), (41, 959, 0.059), (42, 548, 0.058), (43, 558, 0.058), (44, 579, 0.058), (45, 300, 0.058), (46, 17, 0.058), (47, 1083, 0.057), (48, 314, 0.057), (49, 72, 0.057), (50, 617, 0.057)]
25;[(1, 215, 0.226), (2, 915, 0.212), (3, 1194, 0.186), (4, 926, 0.176), (5, 1031, 0.161), (6, 913, 0.157), (7, 203, 0.157), (8, 104, 0.157), (9, 366, 0.148), (10, 297, 0.14), (11, 72, 0.139), (12, 142, 0.13), (13, 464, 0.128), (14, 365, 0.128), (15, 1211, 0.125), (16, 566, 0.124), (17, 1163, 0.122), (18, 254, 0.122), (19, 1001, 0.117), (20, 236, 0.114), (21, 328, 0.113), (22, 1097, 0.112), (23, 763, 0.111), (24, 431, 0.111), (25, 874, 0.109), (26, 634, 0.108), (27, 281, 0.107), (28, 342, 0.106), (29, 881, 0.104), (30, 1224, 0.102), (31, 570, 0.102), (32, 247, 0.102), (33, 1201, 0.098), (34, 162, 0.097), (35, 811, 0.097), (36, 197, 0.097), (37, 549, 0.097), (38, 325, 0.096), (39, 548, 0.095), (40, 14, 0.095), (41, 225, 0.094), (42, 111, 0.094), (43, 9, 0.094), (44, 1109, 0.092), (45, 118, 0.091), (46, 491, 0.089), (47, 583, 0.086), (48, 210, 0.086), (49, 559, 0.084), (50, 645, 0.084)]
26;[(1, 293, 0.247), (2, 1061, 0.221), (3, 104, 0.218), (4, 610, 0.216), (5, 442, 0.19), (6, 289, 0.18), (7, 583, 0.163), (8, 881, 0.154), (9, 1238, 0.153), (10, 356, 0.15), (11, 281, 0.149), (12, 1236, 0.146), (13, 230, 0.139), (14, 639, 0.134), (15, 785, 0.133), (16, 617, 0.133), (17, 1144, 0.132), (18, 786, 0.131), (19, 3, 0.126), (20, 407, 0.123), (21, 918, 0.121), (22, 807, 0.12), (23, 488, 0.12), (24, 106, 0.118), (25, 1163, 0.113), (26, 382, 0.111), (27, 645, 0.11), (28, 1156, 0.104), (29, 338, 0.104), (30, 50, 0.101), (31, 584, 0.099), (32, 337, 0.094), (33, 1159, 0.093), (34, 731, 0.093), (35, 851, 0.092), (36, 571, 0.092), (37, 83, 0.092), (38, 146, 0.09), (39, 102, 0.088), (40, 721, 0.087), (41, 305, 0.084), (42, 199, 0.083), (43, 530, 0.082), (44, 619, 0.081), (45, 494, 0.08), (46, 869, 0.08), (47, 249, 0.08), (48, 85, 0.079), (49, 842, 0.079), (50, 737, 0.079)]
27;[(1, 905, 0.416), (2, 599, 0.335), (3, 822, 0.169), (4, 217, 0.141), (5, 921, 0.126), (6, 370, 0.121), (7, 571, 0.115), (8, 96, 0.113), (9, 499, 0.106), (10, 366, 0.104), (11, 1122, 0.101), (12, 333, 0.099), (13, 485, 0.092), (14, 1134, 0.086), (15, 866, 0.085), (16, 435, 0.084), (17, 69, 0.084), (18, 473, 0.082), (19, 977, 0.082), (20, 915, 0.082), (21, 180, 0.082), (22, 1192, 0.08), (23, 297, 0.077), (24, 392, 0.074), (25, 766, 0.073), (26, 540, 0.071), (27, 1084, 0.07), (28, 1083, 0.07), (29, 443, 0.069), (30, 1066, 0.068), (31, 611, 0.068), (32, 67, 0.068), (33, 221, 0.067), (34, 55, 0.066), (35, 992, 0.066), (36, 793, 0.064), (37, 1213, 0.064), (38, 913, 0.063), (39, 710, 0.062), (40, 1123, 0.062), (41, 598, 0.061), (42, 42, 0.061), (43, 944, 0.06), (44, 197, 0.058), (45, 1102, 0.058), (46, 164, 0.057), (47, 845, 0.057), (48, 218, 0.057), (49, 559, 0.056), (50, 1180, 0.056)]
28;[(1, 871, 0.241), (2, 477, 0.235), (3, 687, 0.233), (4, 230, 0.186), (5, 832, 0.179), (6, 351, 0.178), (7, 352, 0.165), (8, 594, 0.156), (9, 1166, 0.152), (10, 807, 0.147), (11, 398, 0.133), (12, 610, 0.13), (13, 262, 0.121), (14, 1083, 0.115), (15, 514, 0.115), (16, 720, 0.104), (17, 1019, 0.102), (18, 808, 0.101), (19, 559, 0.1), (20, 82, 0.099), (21, 402, 0.098), (22, 611, 0.096), (23, 369, 0.092), (24, 898, 0.092), (25, 130, 0.09), (26, 322, 0.089), (27, 665, 0.087), (28, 107, 0.086), (29, 1094, 0.086), (30, 427, 0.082), (31, 1084, 0.08), (32, 956, 0.079), (33, 848, 0.077), (34, 342, 0.075), (35, 215, 0.074), (36, 22, 0.073), (37, 1224, 0.072), (38, 968, 0.072), (39, 9, 0.07), (40, 1192, 0.068), (41, 1176, 0.067), (42, 317, 0.067), (43, 474, 0.067), (44, 1033, 0.066), (45, 727, 0.065), (46, 1061, 0.065), (47, 1169, 0.064), (48, 1174, 0.063), (49, 38, 0.062), (50, 1239, 0.06)]
29;[(1, 687, 0.257), (2, 230, 0.216), (3, 1224, 0.192), (4, 1192, 0.184), (5, 665, 0.164), (6, 130, 0.147), (7, 763, 0.146), (8, 1214, 0.144), (9, 799, 0.142), (10, 832, 0.139), (11, 107, 0.133), (12, 398, 0.12), (13, 22, 0.12), (14, 611, 0.117), (15, 279, 0.112), (16, 610, 0.11), (17, 432, 0.107), (18, 215, 0.105), (19, 436, 0.104), (20, 352, 0.1), (21, 650, 0.099), (22, 915, 0.098), (23, 297, 0.098), (24, 1204, 0.094), (25, 262, 0.093), (26, 1239, 0.093), (27, 7, 0.093), (28, 956, 0.091), (29, 549, 0.091), (30, 854, 0.091), (31, 484, 0.087), (32, 366, 0.086), (33, 240, 0.085), (34, 468, 0.085), (35, 505, 0.084), (36, 351, 0.081), (37, 975, 0.081), (38, 957, 0.081), (39, 720, 0.08), (40, 808, 0.078), (41, 32, 0.076), (42, 477, 0.076), (43, 768, 0.075), (44, 598, 0.073), (45, 406, 0.073), (46, 1198, 0.071), (47, 1062, 0.071), (48, 550, 0.07), (49, 322, 0.069), (50, 254, 0.067)]
30;[(1, 1001, 0.343), (2, 760, 0.283), (3, 216, 0.219), (4, 203, 0.206), (5, 43, 0.206), (6, 845, 0.199), (7, 1084, 0.185), (8, 1224, 0.176), (9, 247, 0.16), (10, 557, 0.159), (11, 1194, 0.152), (12, 913, 0.149), (13, 9, 0.147), (14, 477, 0.144), (15, 324, 0.141), (16, 1031, 0.139), (17, 72, 0.135), (18, 254, 0.134), (19, 239, 0.133), (20, 911, 0.133), (21, 1177, 0.133), (22, 825, 0.132), (23, 211, 0.13), (24, 162, 0.127), (25, 69, 0.126), (26, 880, 0.126), (27, 297, 0.126), (28, 431, 0.122), (29, 469, 0.121), (30, 197, 0.117), (31, 1080, 0.116), (32, 819, 0.114), (33, 881, 0.114), (34, 252, 0.112), (35, 559, 0.108), (36, 48, 0.107), (37, 926, 0.105), (38, 1170, 0.103), (39, 420, 0.103), (40, 483, 0.102), (41, 891, 0.101), (42, 902, 0.101), (43, 189, 0.099), (44, 822, 0.098), (45, 433, 0.097), (46, 448, 0.097), (47, 331, 0.097), (48, 411, 0.095), (49, 406, 0.095), (50, 464, 0.095)]
31;[(1, 433, 0.367), (2, 760, 0.342), (3, 764, 0.208), (4, 332, 0.194), (5, 43, 0.188), (6, 845, 0.181), (7, 216, 0.165), (8, 469, 0.16), (9, 651, 0.132), (10, 700, 0.128), (11, 239, 0.122), (12, 1033, 0.121), (13, 970, 0.118), (14, 473, 0.117), (15, 1084, 0.113), (16, 189, 0.109), (17, 552, 0.108), (18, 1078, 0.102), (19, 586, 0.1), (20, 316, 0.097), (21, 9, 0.094), (22, 145, 0.094), (23, 467, 0.093), (24, 880, 0.089), (25, 1104, 0.088), (26, 596, 0.087), (27, 938, 0.086), (28, 647, 0.084), (29, 913, 0.084), (30, 541, 0.083), (31, 427, 0.083), (32, 1227, 0.083), (33, 1182, 0.082), (34, 330, 0.082), (35, 915, 0.082), (36, 236, 0.082), (37, 1024, 0.08), (38, 1108, 0.08), (39, 411, 0.08), (40, 823, 0.08), (41, 563, 0.08), (42, 550, 0.077), (43, 945, 0.075), (44, 497, 0.075), (45, 1132, 0.075), (46, 754, 0.073), (47, 389, 0.073), (48, 1180, 0.072), (49, 730, 0.072), (50, 812, 0.071)]
32;[(1, 184, 0.31), (2, 389, 0.201), (3, 767, 0.179), (4, 1234, 0.178), (5, 392, 0.173), (6, 159, 0.165), (7, 1080, 0.162), (8, 302, 0.162), (9, 438, 0.153), (10, 326, 0.147), (11, 865, 0.139), (12, 1180, 0.136), (13, 950, 0.126), (14, 249, 0.125), (15, 963, 0.119), (16, 346, 0.118), (17, 914, 0.113), (18, 510, 0.112), (19, 1179, 0.111), (20, 966, 0.104), (21, 1015, 0.102), (22, 1074, 0.1), (23, 1076, 0.1), (24, 535, 0.1), (25, 304, 0.1), (26, 219, 0.1), (27, 114, 0.099), (28, 90, 0.099), (29, 504, 0.097), (30, 799, 0.096), (31, 882, 0.094), (32, 419, 0.093), (33, 538, 0.091), (34, 1071, 0.09), (35, 806, 0.089), (36, 988, 0.089), (37, 472, 0.086), (38, 1165, 0.085), (39, 31, 0.084), (40, 573, 0.083), (41, 444, 0.082), (42, 833, 0.081), (43, 27, 0.079), (44, 897, 0.077), (45, 1066, 0.077), (46, 370, 0.076), (47, 385, 0.075), (48, 1194, 0.074), (49, 838, 0.073), (50, 754, 0.073)]
33;[(1, 916, 0.315), (2, 920, 0.289), (3, 846, 0.264), (4, 1186, 0.264), (5, 811, 0.262), (6, 210, 0.251), (7, 612, 0.233), (8, 1183, 0.221), (9, 825, 0.214), (10, 1234, 0.209), (11, 1105, 0.199), (12, 392, 0.198), (13, 480, 0.194), (14, 950, 0.171), (15, 978, 0.163), (16, 471, 0.16), (17, 465, 0.153), (18, 404, 0.152), (19, 864, 0.151), (20, 818, 0.15), (21, 94, 0.15), (22, 1176, 0.15), (23, 91, 0.147), (24, 797, 0.146), (25, 716, 0.146), (26, 627, 0.143), (27, 638, 0.142), (28, 505, 0.14), (29, 1113, 0.14), (30, 719, 0.136), (31, 302, 0.134), (32, 1109, 0.133), (33, 482, 0.129), (34, 793, 0.128), (35, 225, 0.126), (36, 419, 0.125), (37, 249, 0.125), (38, 929, 0.122), (39, 1215, 0.12), (40, 921, 0.119), (41, 833, 0.116), (42, 413, 0.116), (43, 1074, 0.114), (44, 1182, 0.111), (45, 1008, 0.111), (46, 444, 0.109), (47, 721, 0.107), (48, 147, 0.106), (49, 37, 0.104), (50, 165, 0.102)]
34;[(1, 846, 0.333), (2, 916, 0.319), (3, 404, 0.295), (4, 795, 0.252), (5, 773, 0.247), (6, 929, 0.217), (7, 210, 0.208), (8, 471, 0.199), (9, 818, 0.198), (10, 996, 0.183), (11, 978, 0.178), (12, 920, 0.172), (13, 1186, 0.167), (14, 65, 0.162), (15, 337, 0.157), (16, 289, 0.15), (17, 817, 0.146), (18, 1105, 0.143), (19, 1074, 0.135), (20, 91, 0.131), (21, 211, 0.129), (22, 403, 0.129), (23, 175, 0.128), (24, 785, 0.128), (25, 719, 0.128), (26, 825, 0.127), (27, 612, 0.127), (28, 94, 0.123), (29, 707, 0.123), (30, 1215, 0.119), (31, 793, 0.119), (32, 1183, 0.118), (33, 811, 0.115), (34, 611, 0.115), (35, 480, 0.115), (36, 1109, 0.114), (37, 158, 0.113), (38, 69, 0.112), (39, 627, 0.111), (40, 877, 0.111), (41, 930, 0.111), (42, 716, 0.11), (43, 689, 0.105), (44, 1182, 0.104), (45, 482, 0.098), (46, 995, 0.098), (47, 797, 0.094), (48, 225, 0.093), (49, 981, 0.093), (50, 302, 0.092)]
35;[(1, 916, 0.329), (2, 920, 0.323), (3, 846, 0.304), (4, 210, 0.286), (5, 1186, 0.238), (6, 825, 0.234), (7, 612, 0.233), (8, 1105, 0.23), (9, 65, 0.224), (10, 811, 0.214), (11, 1183, 0.21), (12, 480, 0.207), (13, 51, 0.191), (14, 471, 0.182), (15, 864, 0.177), (16, 94, 0.172), (17, 719, 0.17), (18, 793, 0.168), (19, 404, 0.168), (20, 818, 0.161), (21, 1109, 0.158), (22, 1206, 0.157), (23, 1176, 0.15), (24, 929, 0.146), (25, 716, 0.146), (26, 1113, 0.145), (27, 978, 0.145), (28, 482, 0.143), (29, 758, 0.142), (30, 611, 0.136), (31, 225, 0.136), (32, 147, 0.133), (33, 91, 0.131), (34, 1215, 0.128), (35, 913, 0.126), (36, 211, 0.125), (37, 96, 0.122), (38, 1128, 0.121), (39, 1134, 0.118), (40, 638, 0.118), (41, 228, 0.117), (42, 797, 0.116), (43, 413, 0.116), (44, 1161, 0.114), (45, 1052, 0.114), (46, 276, 0.113), (47, 819, 0.113), (48, 366, 0.113), (49, 254, 0.112), (50, 1182, 0.111)]
36;[(1, 612, 0.333), (2, 471, 0.268), (3, 1215, 0.255), (4, 480, 0.254), (5, 978, 0.244), (6, 766, 0.232), (7, 825, 0.23), (8, 1183, 0.216), (9, 55, 0.216), (10, 846, 0.206), (11, 716, 0.202), (12, 347, 0.2), (13, 210, 0.193), (14, 1186, 0.188), (15, 1135, 0.187), (16, 793, 0.186), (17, 920, 0.177), (18, 1159, 0.175), (19, 818, 0.171), (20, 916, 0.167), (21, 721, 0.167), (22, 913, 0.167), (23, 1109, 0.163), (24, 147, 0.163), (25, 337, 0.162), (26, 1105, 0.154), (27, 864, 0.152), (28, 91, 0.15), (29, 94, 0.149), (30, 811, 0.143), (31, 929, 0.134), (32, 773, 0.132), (33, 655, 0.131), (34, 707, 0.13), (35, 300, 0.125), (36, 66, 0.121), (37, 320, 0.12), (38, 199, 0.118), (39, 523, 0.116), (40, 526, 0.115), (41, 1058, 0.114), (42, 714, 0.112), (43, 1113, 0.11), (44, 981, 0.11), (45, 677, 0.109), (46, 505, 0.109), (47, 297, 0.109), (48, 851, 0.109), (49, 65, 0.107), (50, 313, 0.106)]
37;[(1, 247, 0.361), (2, 175, 0.31), (3, 697, 0.291), (4, 946, 0.25), (5, 600, 0.224), (6, 289, 0.221), (7, 1174, 0.22), (8, 491, 0.217), (9, 1182, 0.212), (10, 492, 0.211), (11, 1117, 0.209), (12, 379, 0.207), (13, 903, 0.204), (14, 378, 0.195), (15, 483, 0.194), (16, 334, 0.191), (17, 627, 0.188), (18, 817, 0.178), (19, 717, 0.174), (20, 916, 0.172), (21, 877, 0.171), (22, 774, 0.165), (23, 1011, 0.164), (24, 796, 0.163), (25, 1133, 0.158), (26, 158, 0.158), (27, 482, 0.155), (28, 930, 0.152), (29, 69, 0.146), (30, 76, 0.144), (31, 465, 0.142), (32, 835, 0.142), (33, 3, 0.141), (34, 225, 0.138), (35, 302, 0.136), (36, 815, 0.136), (37, 1128, 0.135), (38, 1014, 0.133), (39, 1176, 0.132), (40, 318, 0.131), (41, 746, 0.13), (42, 403, 0.129), (43, 476, 0.128), (44, 266, 0.127), (45, 818, 0.125), (46, 846, 0.124), (47, 1234, 0.122), (48, 120, 0.122), (49, 148, 0.12), (50, 488, 0.118)]
38;[(1, 14, 0.296), (2, 1068, 0.271), (3, 1001, 0.253), (4, 472, 0.163), (5, 1184, 0.146), (6, 752, 0.146), (7, 1136, 0.144), (8, 513, 0.143), (9, 1183, 0.134), (10, 722, 0.132), (11, 599, 0.113), (12, 1219, 0.108), (13, 207, 0.108), (14, 1130, 0.105), (15, 786, 0.105), (16, 134, 0.103), (17, 1224, 0.101), (18, 724, 0.096), (19, 873, 0.095), (20, 171, 0.094), (21, 360, 0.092), (22, 510, 0.088), (23, 350, 0.087), (24, 392, 0.086), (25, 600, 0.085), (26, 99, 0.085), (27, 979, 0.084), (28, 258, 0.084), (29, 846, 0.083), (30, 1216, 0.079), (31, 704, 0.076), (32, 112, 0.074), (33, 1236, 0.073), (34, 1234, 0.073), (35, 1096, 0.072), (36, 684, 0.068), (37, 72, 0.067), (38, 971, 0.066), (39, 421, 0.066), (40, 377, 0.066), (41, 3, 0.063), (42, 334, 0.061), (43, 1140, 0.057), (44, 1146, 0.053), (45, 762, 0.053), (46, 465, 0.053), (47, 370, 0.052), (48, 89, 0.052), (49, 612, 0.051), (50, 611, 0.051)]
39;[(1, 293, 0.202), (2, 430, 0.178), (3, 610, 0.177), (4, 407, 0.176), (5, 199, 0.147), (6, 966, 0.147), (7, 289, 0.147), (8, 1007, 0.146), (9, 1210, 0.144), (10, 442, 0.141), (11, 338, 0.136), (12, 1238, 0.135), (13, 583, 0.133), (14, 84, 0.127), (15, 356, 0.123), (16, 798, 0.122), (17, 1236, 0.119), (18, 494, 0.118), (19, 230, 0.113), (20, 382, 0.113), (21, 740, 0.111), (22, 639, 0.109), (23, 946, 0.108), (24, 786, 0.107), (25, 281, 0.106), (26, 340, 0.106), (27, 339, 0.104), (28, 104, 0.104), (29, 3, 0.103), (30, 860, 0.101), (31, 571, 0.1), (32, 918, 0.099), (33, 488, 0.098), (34, 305, 0.096), (35, 106, 0.096), (36, 644, 0.094), (37, 1061, 0.094), (38, 1163, 0.092), (39, 419, 0.092), (40, 645, 0.09), (41, 470, 0.088), (42, 83, 0.088), (43, 906, 0.082), (44, 584, 0.081), (45, 926, 0.079), (46, 1183, 0.078), (47, 55, 0.078), (48, 530, 0.078), (49, 337, 0.076), (50, 1159, 0.076)]
40;[(1, 916, 0.316), (2, 1186, 0.278), (3, 920, 0.278), (4, 846, 0.268), (5, 1183, 0.234), (6, 1234, 0.214), (7, 289, 0.206), (8, 210, 0.205), (9, 811, 0.198), (10, 612, 0.198), (11, 480, 0.185), (12, 1176, 0.178), (13, 825, 0.175), (14, 404, 0.17), (15, 1174, 0.167), (16, 798, 0.167), (17, 465, 0.167), (18, 818, 0.158), (19, 719, 0.157), (20, 175, 0.157), (21, 797, 0.154), (22, 225, 0.154), (23, 1105, 0.154), (24, 697, 0.15), (25, 254, 0.15), (26, 14, 0.147), (27, 1126, 0.139), (28, 649, 0.137), (29, 1113, 0.137), (30, 77, 0.135), (31, 929, 0.134), (32, 934, 0.133), (33, 482, 0.129), (34, 91, 0.127), (35, 627, 0.126), (36, 773, 0.126), (37, 94, 0.123), (38, 943, 0.121), (39, 199, 0.118), (40, 35, 0.116), (41, 864, 0.116), (42, 822, 0.114), (43, 413, 0.113), (44, 471, 0.113), (45, 392, 0.111), (46, 978, 0.111), (47, 148, 0.111), (48, 707, 0.11), (49, 1182, 0.11), (50, 843, 0.109)]
41;[(1, 414, 0.349), (2, 878, 0.297), (3, 1108, 0.295), (4, 1190, 0.289), (5, 157, 0.282), (6, 676, 0.273), (7, 1115, 0.234), (8, 1106, 0.232), (9, 581, 0.226), (10, 126, 0.214), (11, 165, 0.208), (12, 296, 0.197), (13, 715, 0.174), (14, 1107, 0.17), (15, 866, 0.167), (16, 197, 0.155), (17, 794, 0.153), (18, 1216, 0.148), (19, 1088, 0.146), (20, 283, 0.139), (21, 376, 0.137), (22, 970, 0.136), (23, 14, 0.128), (24, 1219, 0.127), (25, 997, 0.119), (26, 51, 0.117), (27, 1206, 0.115), (28, 1239, 0.115), (29, 974, 0.114), (30, 680, 0.109), (31, 856, 0.109), (32, 55, 0.108), (33, 1161, 0.107), (34, 386, 0.104), (35, 468, 0.103), (36, 992, 0.103), (37, 624, 0.098), (38, 985, 0.098), (39, 65, 0.095), (40, 443, 0.094), (41, 212, 0.093), (42, 1171, 0.092), (43, 928, 0.092), (44, 339, 0.09), (45, 562, 0.089), (46, 288, 0.088), (47, 919, 0.087), (48, 553, 0.087), (49, 647, 0.086), (50, 829, 0.086)]
42;[(1, 585, 0.299), (2, 337, 0.288), (3, 317, 0.285), (4, 695, 0.238), (5, 209, 0.232), (6, 441, 0.18), (7, 856, 0.16), (8, 300, 0.157), (9, 416, 0.155), (10, 498, 0.149), (11, 866, 0.145), (12, 499, 0.144), (13, 1216, 0.136), (14, 14, 0.133), (15, 92, 0.132), (16, 594, 0.13), (17, 314, 0.128), (18, 129, 0.126), (19, 997, 0.125), (20, 490, 0.124), (21, 364, 0.121), (22, 1156, 0.12), (23, 503, 0.119), (24, 1088, 0.119), (25, 386, 0.119), (26, 197, 0.117), (27, 601, 0.116), (28, 827, 0.115), (29, 553, 0.115), (30, 1190, 0.115), (31, 339, 0.113), (32, 117, 0.113), (33, 1053, 0.113), (34, 376, 0.112), (35, 562, 0.105), (36, 1219, 0.104), (37, 480, 0.104), (38, 374, 0.102), (39, 283, 0.1), (40, 541, 0.1), (41, 189, 0.1), (42, 715, 0.095), (43, 1110, 0.094), (44, 921, 0.094), (45, 875, 0.093), (46, 814, 0.092), (47, 190, 0.09), (48, 505, 0.089), (49, 806, 0.089), (50, 919, 0.089)]
43;[(1, 418, 0.259), (2, 383, 0.224), (3, 471, 0.219), (4, 65, 0.185), (5, 818, 0.183), (6, 91, 0.18), (7, 490, 0.177), (8, 125, 0.177), (9, 1200, 0.175), (10, 1016, 0.174), (11, 140, 0.169), (12, 1105, 0.167), (13, 612, 0.165), (14, 966, 0.162), (15, 404, 0.16), (16, 817, 0.148), (17, 996, 0.143), (18, 776, 0.143), (19, 261, 0.142), (20, 300, 0.141), (21, 716, 0.136), (22, 714, 0.134), (23, 361, 0.13), (24, 741, 0.128), (25, 978, 0.127), (26, 4, 0.126), (27, 324, 0.122), (28, 504, 0.118), (29, 395, 0.118), (30, 376, 0.116), (31, 297, 0.115), (32, 94, 0.115), (33, 570, 0.111), (34, 46, 0.11), (35, 343, 0.108), (36, 605, 0.108), (37, 484, 0.106), (38, 364, 0.106), (39, 927, 0.102), (40, 1058, 0.1), (41, 189, 0.1), (42, 268, 0.098), (43, 929, 0.097), (44, 1167, 0.097), (45, 135, 0.097), (46, 781, 0.096), (47, 526, 0.094), (48, 562, 0.092), (49, 1109, 0.092), (50, 594, 0.091)]
44;[(1, 737, 0.257), (2, 1053, 0.183), (3, 336, 0.16), (4, 528, 0.154), (5, 53, 0.141), (6, 666, 0.141), (7, 1068, 0.139), (8, 624, 0.136), (9, 847, 0.136), (10, 411, 0.134), (11, 873, 0.133), (12, 589, 0.126), (13, 541, 0.125), (14, 1142, 0.121), (15, 971, 0.121), (16, 958, 0.117), (17, 451, 0.114), (18, 499, 0.113), (19, 691, 0.112), (20, 567, 0.111), (21, 840, 0.111), (22, 1148, 0.11), (23, 243, 0.109), (24, 154, 0.108), (25, 1030, 0.106), (26, 623, 0.106), (27, 523, 0.102), (28, 118, 0.102), (29, 218, 0.1), (30, 124, 0.098), (31, 192, 0.098), (32, 390, 0.097), (33, 177, 0.096), (34, 310, 0.096), (35, 312, 0.095), (36, 621, 0.094), (37, 750, 0.093), (38, 307, 0.092), (39, 647, 0.092), (40, 574, 0.091), (41, 172, 0.088), (42, 269, 0.088), (43, 765, 0.086), (44, 683, 0.084), (45, 702, 0.083), (46, 535, 0.083), (47, 469, 0.083), (48, 951, 0.08), (49, 1079, 0.079), (50, 561, 0.078)]
45;[(1, 919, 0.253), (2, 538, 0.182), (3, 376, 0.179), (4, 866, 0.158), (5, 208, 0.157), (6, 856, 0.156), (7, 566, 0.152), (8, 540, 0.146), (9, 14, 0.146), (10, 594, 0.142), (11, 997, 0.136), (12, 1216, 0.133), (13, 364, 0.133), (14, 1088, 0.131), (15, 504, 0.129), (16, 197, 0.128), (17, 322, 0.126), (18, 1190, 0.126), (19, 339, 0.124), (20, 117, 0.124), (21, 803, 0.124), (22, 210, 0.118), (23, 233, 0.117), (24, 562, 0.115), (25, 1219, 0.114), (26, 1194, 0.112), (27, 283, 0.11), (28, 553, 0.107), (29, 924, 0.106), (30, 1156, 0.105), (31, 691, 0.105), (32, 715, 0.104), (33, 1110, 0.103), (34, 930, 0.102), (35, 773, 0.101), (36, 32, 0.101), (37, 490, 0.097), (38, 126, 0.096), (39, 300, 0.095), (40, 834, 0.094), (41, 386, 0.093), (42, 288, 0.088), (43, 67, 0.087), (44, 961, 0.087), (45, 72, 0.084), (46, 928, 0.082), (47, 541, 0.082), (48, 352, 0.082), (49, 411, 0.081), (50, 189, 0.08)]
46;[(1, 1055, 0.397), (2, 53, 0.309), (3, 847, 0.232), (4, 51, 0.209), (5, 1212, 0.194), (6, 26, 0.187), (7, 737, 0.182), (8, 305, 0.181), (9, 901, 0.177), (10, 856, 0.175), (11, 118, 0.174), (12, 371, 0.173), (13, 52, 0.171), (14, 622, 0.17), (15, 953, 0.163), (16, 150, 0.152), (17, 755, 0.144), (18, 967, 0.14), (19, 575, 0.137), (20, 437, 0.133), (21, 233, 0.132), (22, 639, 0.131), (23, 1062, 0.129), (24, 1128, 0.124), (25, 1053, 0.123), (26, 307, 0.123), (27, 960, 0.123), (28, 831, 0.119), (29, 421, 0.119), (30, 310, 0.118), (31, 891, 0.118), (32, 521, 0.118), (33, 853, 0.117), (34, 623, 0.116), (35, 1221, 0.116), (36, 356, 0.114), (37, 725, 0.109), (38, 392, 0.108), (39, 1070, 0.108), (40, 854, 0.106), (41, 1057, 0.104), (42, 19, 0.104), (43, 903, 0.102), (44, 319, 0.101), (45, 743, 0.101), (46, 535, 0.1), (47, 820, 0.099), (48, 171, 0.099), (49, 1141, 0.099), (50, 791, 0.098)]
47;[(1, 840, 0.252), (2, 680, 0.192), (3, 307, 0.177), (4, 1206, 0.154), (5, 1165, 0.153), (6, 197, 0.143), (7, 376, 0.141), (8, 791, 0.134), (9, 754, 0.134), (10, 308, 0.131), (11, 529, 0.129), (12, 866, 0.125), (13, 958, 0.123), (14, 147, 0.123), (15, 26, 0.122), (16, 64, 0.118), (17, 1030, 0.115), (18, 901, 0.115), (19, 715, 0.115), (20, 624, 0.112), (21, 1161, 0.11), (22, 283, 0.11), (23, 233, 0.11), (24, 997, 0.108), (25, 466, 0.107), (26, 546, 0.106), (27, 150, 0.105), (28, 437, 0.105), (29, 1216, 0.105), (30, 1088, 0.103), (31, 1081, 0.102), (32, 885, 0.102), (33, 541, 0.101), (34, 1190, 0.1), (35, 192, 0.099), (36, 310, 0.099), (37, 719, 0.098), (38, 959, 0.097), (39, 1151, 0.096), (40, 140, 0.096), (41, 172, 0.096), (42, 973, 0.094), (43, 928, 0.094), (44, 1156, 0.094), (45, 581, 0.093), (46, 1237, 0.093), (47, 65, 0.093), (48, 196, 0.092), (49, 320, 0.092), (50, 173, 0.092)]
48;[(1, 383, 0.289), (2, 624, 0.278), (3, 1053, 0.27), (4, 737, 0.248), (5, 336, 0.243), (6, 1148, 0.206), (7, 147, 0.204), (8, 528, 0.179), (9, 1068, 0.171), (10, 666, 0.169), (11, 971, 0.168), (12, 680, 0.156), (13, 411, 0.154), (14, 190, 0.153), (15, 154, 0.152), (16, 873, 0.146), (17, 310, 0.138), (18, 719, 0.137), (19, 840, 0.136), (20, 523, 0.136), (21, 480, 0.135), (22, 847, 0.133), (23, 625, 0.131), (24, 53, 0.13), (25, 390, 0.129), (26, 312, 0.125), (27, 619, 0.125), (28, 574, 0.124), (29, 691, 0.123), (30, 349, 0.12), (31, 243, 0.12), (32, 623, 0.116), (33, 621, 0.11), (34, 51, 0.105), (35, 765, 0.103), (36, 1206, 0.103), (37, 750, 0.102), (38, 124, 0.099), (39, 705, 0.099), (40, 1142, 0.098), (41, 1030, 0.097), (42, 1230, 0.097), (43, 55, 0.097), (44, 1161, 0.095), (45, 246, 0.095), (46, 300, 0.095), (47, 1237, 0.094), (48, 647, 0.093), (49, 44, 0.092), (50, 575, 0.091)]
49;[(1, 143, 0.445), (2, 138, 0.312), (3, 313, 0.226), (4, 436, 0.175), (5, 504, 0.172), (6, 562, 0.158), (7, 866, 0.136), (8, 230, 0.131), (9, 568, 0.129), (10, 197, 0.126), (11, 1198, 0.123), (12, 1216, 0.121), (13, 1088, 0.119), (14, 523, 0.117), (15, 1190, 0.115), (16, 283, 0.114), (17, 376, 0.112), (18, 494, 0.111), (19, 137, 0.108), (20, 563, 0.106), (21, 14, 0.104), (22, 1219, 0.104), (23, 553, 0.098), (24, 997, 0.097), (25, 51, 0.096), (26, 1206, 0.094), (27, 680, 0.089), (28, 856, 0.089), (29, 55, 0.088), (30, 1161, 0.087), (31, 715, 0.085), (32, 386, 0.085), (33, 681, 0.082), (34, 624, 0.08), (35, 65, 0.078), (36, 1171, 0.075), (37, 928, 0.075), (38, 339, 0.074), (39, 288, 0.072), (40, 919, 0.071), (41, 647, 0.07), (42, 829, 0.07), (43, 399, 0.07), (44, 126, 0.068), (45, 613, 0.068), (46, 545, 0.068), (47, 538, 0.068), (48, 411, 0.067), (49, 958, 0.065), (50, 936, 0.064)]
50;[(1, 259, 0.287), (2, 848, 0.22), (3, 548, 0.22), (4, 495, 0.218), (5, 197, 0.207), (6, 435, 0.165), (7, 283, 0.161), (8, 208, 0.161), (9, 376, 0.151), (10, 53, 0.151), (11, 1029, 0.147), (12, 891, 0.128), (13, 866, 0.126), (14, 1230, 0.117), (15, 997, 0.115), (16, 553, 0.115), (17, 1216, 0.112), (18, 1088, 0.11), (19, 928, 0.108), (20, 322, 0.107), (21, 1190, 0.106), (22, 286, 0.103), (23, 903, 0.102), (24, 233, 0.099), (25, 126, 0.099), (26, 919, 0.099), (27, 336, 0.099), (28, 66, 0.098), (29, 715, 0.097), (30, 14, 0.097), (31, 1219, 0.096), (32, 570, 0.094), (33, 67, 0.094), (34, 856, 0.09), (35, 125, 0.09), (36, 263, 0.09), (37, 1156, 0.089), (38, 592, 0.087), (39, 773, 0.086), (40, 538, 0.084), (41, 166, 0.082), (42, 360, 0.082), (43, 973, 0.082), (44, 98, 0.08), (45, 834, 0.08), (46, 386, 0.079), (47, 926, 0.074), (48, 432, 0.074), (49, 72, 0.071), (50, 505, 0.071)]
51;[(1, 498, 0.176), (2, 441, 0.144), (3, 305, 0.135), (4, 114, 0.133), (5, 444, 0.132), (6, 386, 0.129), (7, 568, 0.126), (8, 1171, 0.122), (9, 1062, 0.122), (10, 376, 0.122), (11, 26, 0.122), (12, 1102, 0.115), (13, 1234, 0.113), (14, 1055, 0.112), (15, 233, 0.11), (16, 1185, 0.109), (17, 1212, 0.107), (18, 1074, 0.106), (19, 302, 0.102), (20, 392, 0.102), (21, 552, 0.1), (22, 925, 0.099), (23, 728, 0.099), (24, 670, 0.098), (25, 504, 0.095), (26, 503, 0.094), (27, 689, 0.094), (28, 373, 0.093), (29, 921, 0.091), (30, 737, 0.091), (31, 307, 0.09), (32, 445, 0.09), (33, 901, 0.09), (34, 950, 0.089), (35, 505, 0.089), (36, 521, 0.088), (37, 346, 0.086), (38, 118, 0.086), (39, 513, 0.085), (40, 639, 0.085), (41, 827, 0.084), (42, 681, 0.082), (43, 473, 0.081), (44, 959, 0.081), (45, 1053, 0.08), (46, 1190, 0.08), (47, 515, 0.079), (48, 779, 0.079), (49, 869, 0.079), (50, 249, 0.079)]
52;[(1, 406, 0.379), (2, 293, 0.221), (3, 915, 0.115), (4, 1115, 0.098), (5, 619, 0.095), (6, 789, 0.092), (7, 122, 0.086), (8, 292, 0.084), (9, 566, 0.082), (10, 1171, 0.076), (11, 281, 0.076), (12, 897, 0.075), (13, 556, 0.075), (14, 264, 0.075), (15, 351, 0.073), (16, 487, 0.072), (17, 541, 0.071), (18, 503, 0.07), (19, 959, 0.068), (20, 1134, 0.067), (21, 473, 0.066), (22, 670, 0.064), (23, 370, 0.064), (24, 248, 0.063), (25, 490, 0.063), (26, 62, 0.063), (27, 759, 0.062), (28, 133, 0.061), (29, 1062, 0.061), (30, 965, 0.06), (31, 186, 0.06), (32, 69, 0.059), (33, 552, 0.059), (34, 969, 0.059), (35, 347, 0.058), (36, 332, 0.058), (37, 659, 0.057), (38, 666, 0.057), (39, 404, 0.057), (40, 63, 0.056), (41, 379, 0.056), (42, 1167, 0.055), (43, 989, 0.055), (44, 804, 0.055), (45, 611, 0.055), (46, 594, 0.055), (47, 197, 0.055), (48, 677, 0.054), (49, 550, 0.054), (50, 901, 0.054)]
53;[(1, 1170, 0.3), (2, 1228, 0.241), (3, 987, 0.227), (4, 62, 0.197), (5, 761, 0.195), (6, 7, 0.185), (7, 1112, 0.185), (8, 111, 0.184), (9, 609, 0.184), (10, 812, 0.18), (11, 588, 0.176), (12, 778, 0.174), (13, 912, 0.173), (14, 188, 0.163), (15, 989, 0.162), (16, 427, 0.154), (17, 1173, 0.151), (18, 1102, 0.148), (19, 1, 0.148), (20, 271, 0.148), (21, 487, 0.142), (22, 61, 0.141), (23, 1229, 0.14), (24, 401, 0.136), (25, 160, 0.134), (26, 903, 0.134), (27, 590, 0.134), (28, 790, 0.133), (29, 1091, 0.121), (30, 800, 0.117), (31, 1171, 0.109), (32, 1051, 0.107), (33, 432, 0.107), (34, 1065, 0.106), (35, 922, 0.102), (36, 592, 0.102), (37, 55, 0.102), (38, 769, 0.102), (39, 459, 0.102), (40, 447, 0.102), (41, 1071, 0.101), (42, 555, 0.1), (43, 1005, 0.099), (44, 199, 0.096), (45, 517, 0.096), (46, 415, 0.094), (47, 980, 0.089), (48, 29, 0.089), (49, 270, 0.088), (50, 187, 0.087)]
54;[(1, 1169, 0.236), (2, 11, 0.225), (3, 699, 0.18), (4, 793, 0.176), (5, 990, 0.168), (6, 64, 0.163), (7, 814, 0.162), (8, 432, 0.16), (9, 488, 0.159), (10, 437, 0.154), (11, 819, 0.148), (12, 812, 0.143), (13, 262, 0.14), (14, 1049, 0.139), (15, 402, 0.138), (16, 273, 0.134), (17, 1163, 0.131), (18, 184, 0.126), (19, 1212, 0.124), (20, 479, 0.124), (21, 32, 0.123), (22, 242, 0.117), (23, 672, 0.115), (24, 324, 0.115), (25, 24, 0.113), (26, 1038, 0.113), (27, 536, 0.113), (28, 63, 0.11), (29, 1171, 0.107), (30, 62, 0.106), (31, 599, 0.106), (32, 133, 0.104), (33, 763, 0.104), (34, 227, 0.102), (35, 821, 0.102), (36, 485, 0.1), (37, 934, 0.1), (38, 582, 0.098), (39, 1048, 0.097), (40, 549, 0.097), (41, 1147, 0.094), (42, 1013, 0.094), (43, 1060, 0.093), (44, 1194, 0.093), (45, 1091, 0.092), (46, 1158, 0.091), (47, 623, 0.091), (48, 229, 0.09), (49, 192, 0.09), (50, 550, 0.089)]
55;[(1, 862, 0.239), (2, 1131, 0.188), (3, 936, 0.18), (4, 951, 0.159), (5, 32, 0.153), (6, 373, 0.148), (7, 1070, 0.144), (8, 814, 0.14), (9, 890, 0.136), (10, 699, 0.126), (11, 64, 0.126), (12, 922, 0.118), (13, 1136, 0.115), (14, 609, 0.11), (15, 322, 0.109), (16, 1068, 0.105), (17, 437, 0.105), (18, 242, 0.101), (19, 262, 0.1), (20, 1051, 0.1), (21, 828, 0.099), (22, 1038, 0.098), (23, 536, 0.098), (24, 990, 0.097), (25, 1071, 0.095), (26, 1173, 0.094), (27, 1013, 0.093), (28, 589, 0.09), (29, 227, 0.088), (30, 1130, 0.085), (31, 62, 0.085), (32, 1171, 0.084), (33, 24, 0.083), (34, 188, 0.079), (35, 1170, 0.073), (36, 39, 0.072), (37, 860, 0.071), (38, 1102, 0.069), (39, 63, 0.069), (40, 821, 0.068), (41, 550, 0.066), (42, 901, 0.066), (43, 1202, 0.064), (44, 391, 0.064), (45, 599, 0.064), (46, 511, 0.064), (47, 1004, 0.063), (48, 790, 0.062), (49, 61, 0.062), (50, 102, 0.062)]
56;[(1, 903, 0.324), (2, 1102, 0.278), (3, 517, 0.231), (4, 1170, 0.209), (5, 432, 0.208), (6, 62, 0.184), (7, 761, 0.183), (8, 767, 0.181), (9, 427, 0.18), (10, 111, 0.172), (11, 609, 0.172), (12, 987, 0.17), (13, 605, 0.167), (14, 185, 0.16), (15, 188, 0.152), (16, 200, 0.148), (17, 89, 0.147), (18, 588, 0.141), (19, 1080, 0.14), (20, 1171, 0.14), (21, 1071, 0.138), (22, 487, 0.133), (23, 160, 0.126), (24, 590, 0.125), (25, 790, 0.125), (26, 473, 0.121), (27, 611, 0.118), (28, 57, 0.116), (29, 273, 0.116), (30, 1091, 0.113), (31, 989, 0.109), (32, 1039, 0.109), (33, 890, 0.109), (34, 1212, 0.108), (35, 988, 0.108), (36, 347, 0.106), (37, 1115, 0.105), (38, 800, 0.104), (39, 784, 0.1), (40, 581, 0.1), (41, 1051, 0.1), (42, 1065, 0.099), (43, 1143, 0.098), (44, 812, 0.097), (45, 1151, 0.096), (46, 922, 0.096), (47, 769, 0.095), (48, 670, 0.095), (49, 459, 0.095), (50, 1173, 0.094)]
57;[(1, 81, 0.406), (2, 987, 0.325), (3, 80, 0.322), (4, 778, 0.287), (5, 912, 0.275), (6, 178, 0.264), (7, 469, 0.245), (8, 989, 0.225), (9, 1091, 0.214), (10, 588, 0.21), (11, 905, 0.204), (12, 890, 0.204), (13, 188, 0.195), (14, 1171, 0.189), (15, 460, 0.189), (16, 187, 0.189), (17, 917, 0.189), (18, 282, 0.186), (19, 159, 0.185), (20, 1173, 0.185), (21, 1071, 0.184), (22, 447, 0.182), (23, 590, 0.173), (24, 62, 0.173), (25, 1, 0.164), (26, 790, 0.163), (27, 1065, 0.159), (28, 589, 0.158), (29, 1025, 0.151), (30, 552, 0.147), (31, 6, 0.143), (32, 479, 0.14), (33, 884, 0.139), (34, 753, 0.138), (35, 200, 0.136), (36, 265, 0.136), (37, 986, 0.133), (38, 427, 0.131), (39, 177, 0.131), (40, 7, 0.128), (41, 461, 0.124), (42, 271, 0.124), (43, 1102, 0.121), (44, 802, 0.121), (45, 874, 0.118), (46, 800, 0.117), (47, 459, 0.116), (48, 577, 0.114), (49, 769, 0.114), (50, 860, 0.113)]
58;[(1, 62, 0.233), (2, 903, 0.233), (3, 761, 0.231), (4, 427, 0.228), (5, 1170, 0.206), (6, 590, 0.196), (7, 905, 0.189), (8, 160, 0.189), (9, 188, 0.185), (10, 1025, 0.179), (11, 588, 0.179), (12, 1171, 0.177), (13, 111, 0.172), (14, 964, 0.171), (15, 800, 0.17), (16, 487, 0.168), (17, 432, 0.165), (18, 904, 0.161), (19, 1007, 0.159), (20, 790, 0.158), (21, 769, 0.156), (22, 505, 0.154), (23, 473, 0.153), (24, 987, 0.152), (25, 874, 0.149), (26, 611, 0.149), (27, 57, 0.147), (28, 347, 0.145), (29, 1102, 0.144), (30, 1091, 0.143), (31, 989, 0.138), (32, 16, 0.138), (33, 1077, 0.136), (34, 988, 0.136), (35, 753, 0.131), (36, 187, 0.129), (37, 784, 0.127), (38, 890, 0.126), (39, 543, 0.126), (40, 668, 0.126), (41, 200, 0.125), (42, 1065, 0.125), (43, 812, 0.123), (44, 1151, 0.122), (45, 438, 0.121), (46, 459, 0.12), (47, 452, 0.12), (48, 1071, 0.12), (49, 767, 0.12), (50, 1173, 0.119)]
59;[(1, 594, 0.183), (2, 51, 0.149), (3, 364, 0.148), (4, 504, 0.145), (5, 228, 0.143), (6, 1110, 0.135), (7, 281, 0.132), (8, 149, 0.129), (9, 357, 0.123), (10, 521, 0.118), (11, 288, 0.118), (12, 1206, 0.115), (13, 211, 0.113), (14, 352, 0.112), (15, 118, 0.111), (16, 874, 0.111), (17, 16, 0.111), (18, 505, 0.109), (19, 490, 0.109), (20, 366, 0.106), (21, 300, 0.106), (22, 187, 0.106), (23, 117, 0.1), (24, 346, 0.1), (25, 566, 0.098), (26, 793, 0.098), (27, 62, 0.098), (28, 1178, 0.093), (29, 964, 0.091), (30, 1135, 0.09), (31, 1192, 0.088), (32, 1137, 0.088), (33, 670, 0.087), (34, 1005, 0.087), (35, 856, 0.087), (36, 1168, 0.087), (37, 1190, 0.085), (38, 1223, 0.083), (39, 989, 0.083), (40, 611, 0.083), (41, 524, 0.083), (42, 1050, 0.083), (43, 276, 0.083), (44, 65, 0.083), (45, 369, 0.08), (46, 59, 0.08), (47, 1237, 0.079), (48, 170, 0.078), (49, 1134, 0.077), (50, 430, 0.077)]
60;[(1, 1151, 0.184), (2, 27, 0.178), (3, 189, 0.154), (4, 316, 0.146), (5, 1004, 0.144), (6, 473, 0.132), (7, 844, 0.128), (8, 948, 0.127), (9, 57, 0.124), (10, 1095, 0.121), (11, 1234, 0.118), (12, 1078, 0.118), (13, 546, 0.115), (14, 64, 0.115), (15, 823, 0.113), (16, 563, 0.113), (17, 684, 0.111), (18, 611, 0.11), (19, 570, 0.108), (20, 1109, 0.106), (21, 1092, 0.101), (22, 446, 0.1), (23, 1071, 0.099), (24, 1227, 0.098), (25, 945, 0.096), (26, 903, 0.096), (27, 100, 0.096), (28, 1102, 0.093), (29, 987, 0.092), (30, 915, 0.092), (31, 543, 0.09), (32, 1112, 0.09), (33, 392, 0.087), (34, 768, 0.087), (35, 296, 0.085), (36, 753, 0.084), (37, 372, 0.084), (38, 50, 0.082), (39, 323, 0.081), (40, 531, 0.08), (41, 472, 0.078), (42, 17, 0.078), (43, 629, 0.077), (44, 444, 0.077), (45, 605, 0.076), (46, 318, 0.076), (47, 1062, 0.076), (48, 458, 0.074), (49, 159, 0.074), (50, 155, 0.073)]
61;[(1, 502, 0.352), (2, 196, 0.333), (3, 969, 0.307), (4, 383, 0.296), (5, 761, 0.287), (6, 605, 0.235), (7, 125, 0.222), (8, 570, 0.22), (9, 511, 0.219), (10, 160, 0.218), (11, 754, 0.212), (12, 1170, 0.184), (13, 437, 0.184), (14, 501, 0.18), (15, 912, 0.173), (16, 490, 0.173), (17, 590, 0.165), (18, 1, 0.164), (19, 370, 0.154), (20, 140, 0.146), (21, 46, 0.145), (22, 680, 0.14), (23, 741, 0.136), (24, 555, 0.13), (25, 271, 0.13), (26, 891, 0.128), (27, 1079, 0.126), (28, 980, 0.126), (29, 1111, 0.119), (30, 1181, 0.118), (31, 733, 0.114), (32, 325, 0.111), (33, 11, 0.108), (34, 432, 0.107), (35, 505, 0.106), (36, 320, 0.105), (37, 159, 0.105), (38, 66, 0.104), (39, 903, 0.102), (40, 769, 0.102), (41, 1173, 0.101), (42, 25, 0.101), (43, 6, 0.101), (44, 1200, 0.1), (45, 135, 0.099), (46, 80, 0.098), (47, 392, 0.092), (48, 686, 0.088), (49, 322, 0.087), (50, 1067, 0.087)]
62;[(1, 64, 0.219), (2, 699, 0.197), (3, 990, 0.184), (4, 1134, 0.181), (5, 814, 0.177), (6, 32, 0.177), (7, 63, 0.175), (8, 437, 0.169), (9, 944, 0.154), (10, 262, 0.154), (11, 905, 0.146), (12, 915, 0.143), (13, 242, 0.142), (14, 479, 0.136), (15, 62, 0.136), (16, 599, 0.134), (17, 1038, 0.123), (18, 536, 0.123), (19, 1114, 0.123), (20, 1171, 0.118), (21, 133, 0.114), (22, 964, 0.114), (23, 763, 0.114), (24, 821, 0.112), (25, 682, 0.112), (26, 550, 0.112), (27, 300, 0.112), (28, 227, 0.112), (29, 920, 0.112), (30, 1122, 0.11), (31, 934, 0.109), (32, 879, 0.109), (33, 333, 0.108), (34, 582, 0.108), (35, 870, 0.106), (36, 819, 0.105), (37, 24, 0.105), (38, 1147, 0.103), (39, 1186, 0.102), (40, 1194, 0.102), (41, 605, 0.101), (42, 208, 0.101), (43, 719, 0.099), (44, 1169, 0.099), (45, 301, 0.098), (46, 690, 0.098), (47, 10, 0.097), (48, 793, 0.096), (49, 1004, 0.096), (50, 1131, 0.095)]
63;[(1, 1171, 0.172), (2, 821, 0.157), (3, 571, 0.151), (4, 463, 0.15), (5, 605, 0.146), (6, 988, 0.124), (7, 582, 0.121), (8, 963, 0.119), (9, 499, 0.113), (10, 629, 0.109), (11, 240, 0.104), (12, 429, 0.099), (13, 332, 0.092), (14, 511, 0.09), (15, 819, 0.087), (16, 1237, 0.086), (17, 368, 0.086), (18, 548, 0.085), (19, 435, 0.084), (20, 180, 0.082), (21, 793, 0.08), (22, 985, 0.08), (23, 502, 0.076), (24, 370, 0.076), (25, 196, 0.073), (26, 64, 0.073), (27, 60, 0.073), (28, 1003, 0.071), (29, 24, 0.069), (30, 197, 0.068), (31, 67, 0.068), (32, 144, 0.067), (33, 11, 0.067), (34, 722, 0.066), (35, 577, 0.066), (36, 566, 0.066), (37, 1038, 0.063), (38, 1007, 0.062), (39, 96, 0.061), (40, 767, 0.06), (41, 22, 0.057), (42, 358, 0.056), (43, 990, 0.056), (44, 578, 0.056), (45, 1195, 0.056), (46, 1207, 0.055), (47, 520, 0.055), (48, 174, 0.055), (49, 437, 0.055), (50, 387, 0.054)]
64;[(1, 64, 0.236), (2, 814, 0.226), (3, 1038, 0.201), (4, 1149, 0.188), (5, 699, 0.186), (6, 940, 0.182), (7, 576, 0.177), (8, 62, 0.169), (9, 1071, 0.155), (10, 242, 0.152), (11, 821, 0.15), (12, 1067, 0.147), (13, 437, 0.143), (14, 458, 0.143), (15, 368, 0.143), (16, 372, 0.129), (17, 118, 0.128), (18, 32, 0.127), (19, 1151, 0.121), (20, 24, 0.12), (21, 227, 0.116), (22, 536, 0.116), (23, 1174, 0.115), (24, 660, 0.114), (25, 523, 0.114), (26, 473, 0.111), (27, 481, 0.11), (28, 1081, 0.109), (29, 850, 0.105), (30, 1215, 0.104), (31, 63, 0.103), (32, 1112, 0.102), (33, 262, 0.1), (34, 291, 0.1), (35, 556, 0.1), (36, 1206, 0.1), (37, 1024, 0.1), (38, 791, 0.099), (39, 897, 0.097), (40, 990, 0.097), (41, 238, 0.095), (42, 516, 0.095), (43, 871, 0.094), (44, 1147, 0.093), (45, 1201, 0.092), (46, 763, 0.09), (47, 1006, 0.09), (48, 1195, 0.088), (49, 1073, 0.088), (50, 845, 0.088)]
65;[(1, 1151, 0.273), (2, 64, 0.267), (3, 490, 0.217), (4, 473, 0.2), (5, 1109, 0.184), (6, 1110, 0.173), (7, 372, 0.173), (8, 546, 0.167), (9, 611, 0.167), (10, 594, 0.159), (11, 1071, 0.159), (12, 446, 0.154), (13, 566, 0.152), (14, 364, 0.148), (15, 814, 0.147), (16, 189, 0.144), (17, 1214, 0.137), (18, 842, 0.133), (19, 504, 0.132), (20, 964, 0.127), (21, 1004, 0.125), (22, 903, 0.125), (23, 27, 0.125), (24, 1112, 0.122), (25, 204, 0.122), (26, 915, 0.12), (27, 791, 0.12), (28, 480, 0.119), (29, 155, 0.119), (30, 50, 0.119), (31, 1171, 0.118), (32, 959, 0.118), (33, 543, 0.117), (34, 684, 0.115), (35, 1223, 0.115), (36, 210, 0.114), (37, 1038, 0.112), (38, 1063, 0.112), (39, 629, 0.111), (40, 906, 0.11), (41, 948, 0.11), (42, 323, 0.11), (43, 987, 0.11), (44, 190, 0.11), (45, 1047, 0.109), (46, 505, 0.109), (47, 1212, 0.109), (48, 100, 0.108), (49, 437, 0.108), (50, 57, 0.108)]
66;[(1, 32, 0.211), (2, 699, 0.197), (3, 763, 0.195), (4, 990, 0.184), (5, 64, 0.179), (6, 814, 0.177), (7, 437, 0.169), (8, 821, 0.155), (9, 262, 0.154), (10, 799, 0.142), (11, 690, 0.138), (12, 682, 0.138), (13, 479, 0.136), (14, 944, 0.132), (15, 1237, 0.129), (16, 242, 0.128), (17, 1038, 0.123), (18, 536, 0.123), (19, 1192, 0.123), (20, 63, 0.12), (21, 1171, 0.118), (22, 62, 0.117), (23, 599, 0.116), (24, 133, 0.114), (25, 768, 0.112), (26, 300, 0.112), (27, 227, 0.112), (28, 934, 0.109), (29, 333, 0.108), (30, 582, 0.108), (31, 942, 0.107), (32, 549, 0.106), (33, 819, 0.105), (34, 24, 0.105), (35, 496, 0.104), (36, 1147, 0.103), (37, 1194, 0.102), (38, 788, 0.1), (39, 719, 0.099), (40, 550, 0.098), (41, 297, 0.098), (42, 964, 0.098), (43, 10, 0.097), (44, 879, 0.097), (45, 1004, 0.096), (46, 1131, 0.095), (47, 429, 0.095), (48, 1024, 0.094), (49, 489, 0.093), (50, 559, 0.093)]
67;[(1, 160, 0.209), (2, 148, 0.192), (3, 761, 0.177), (4, 804, 0.17), (5, 473, 0.166), (6, 778, 0.152), (7, 396, 0.147), (8, 806, 0.146), (9, 842, 0.139), (10, 782, 0.138), (11, 942, 0.136), (12, 914, 0.133), (13, 346, 0.129), (14, 11, 0.128), (15, 154, 0.127), (16, 550, 0.126), (17, 354, 0.125), (18, 879, 0.121), (19, 910, 0.117), (20, 1234, 0.115), (21, 767, 0.109), (22, 582, 0.108), (23, 692, 0.104), (24, 204, 0.103), (25, 1170, 0.103), (26, 913, 0.103), (27, 1067, 0.102), (28, 770, 0.102), (29, 808, 0.102), (30, 513, 0.102), (31, 1091, 0.101), (32, 1173, 0.099), (33, 1112, 0.099), (34, 912, 0.099), (35, 1, 0.097), (36, 1192, 0.096), (37, 1189, 0.096), (38, 731, 0.095), (39, 727, 0.094), (40, 590, 0.093), (41, 385, 0.089), (42, 89, 0.087), (43, 472, 0.086), (44, 733, 0.084), (45, 1097, 0.084), (46, 1219, 0.083), (47, 736, 0.083), (48, 1216, 0.083), (49, 980, 0.079), (50, 347, 0.078)]
68;[(1, 546, 0.231), (2, 1149, 0.177), (3, 543, 0.153), (4, 1078, 0.144), (5, 349, 0.144), (6, 1227, 0.117), (7, 21, 0.115), (8, 823, 0.113), (9, 563, 0.113), (10, 945, 0.106), (11, 1180, 0.102), (12, 316, 0.095), (13, 296, 0.095), (14, 11, 0.094), (15, 844, 0.09), (16, 459, 0.089), (17, 326, 0.089), (18, 458, 0.086), (19, 159, 0.086), (20, 1092, 0.082), (21, 531, 0.08), (22, 302, 0.08), (23, 1215, 0.079), (24, 542, 0.079), (25, 969, 0.078), (26, 1168, 0.078), (27, 1081, 0.078), (28, 1112, 0.077), (29, 1009, 0.077), (30, 318, 0.076), (31, 1171, 0.076), (32, 225, 0.074), (33, 107, 0.074), (34, 958, 0.073), (35, 206, 0.073), (36, 1066, 0.072), (37, 208, 0.072), (38, 550, 0.072), (39, 962, 0.071), (40, 1076, 0.071), (41, 541, 0.071), (42, 1071, 0.07), (43, 838, 0.069), (44, 1090, 0.069), (45, 802, 0.069), (46, 754, 0.069), (47, 199, 0.068), (48, 959, 0.068), (49, 813, 0.068), (50, 810, 0.067)]
69;[(1, 703, 0.307), (2, 193, 0.207), (3, 459, 0.138), (4, 332, 0.123), (5, 1168, 0.112), (6, 907, 0.11), (7, 363, 0.105), (8, 1197, 0.099), (9, 396, 0.095), (10, 1082, 0.093), (11, 800, 0.093), (12, 698, 0.091), (13, 540, 0.086), (14, 1072, 0.086), (15, 197, 0.085), (16, 489, 0.085), (17, 438, 0.084), (18, 327, 0.083), (19, 237, 0.083), (20, 1199, 0.083), (21, 135, 0.082), (22, 1081, 0.077), (23, 17, 0.077), (24, 753, 0.076), (25, 1009, 0.075), (26, 696, 0.075), (27, 387, 0.075), (28, 817, 0.073), (29, 552, 0.073), (30, 285, 0.073), (31, 736, 0.07), (32, 300, 0.069), (33, 772, 0.069), (34, 460, 0.068), (35, 979, 0.067), (36, 328, 0.066), (37, 822, 0.065), (38, 1239, 0.065), (39, 26, 0.065), (40, 804, 0.064), (41, 491, 0.063), (42, 962, 0.063), (43, 311, 0.063), (44, 600, 0.062), (45, 1194, 0.061), (46, 955, 0.061), (47, 1104, 0.06), (48, 1171, 0.059), (49, 897, 0.058), (50, 556, 0.058)]
70;[(1, 1009, 0.229), (2, 804, 0.214), (3, 942, 0.196), (4, 513, 0.177), (5, 778, 0.15), (6, 89, 0.146), (7, 359, 0.145), (8, 1081, 0.144), (9, 473, 0.143), (10, 1093, 0.143), (11, 370, 0.13), (12, 1234, 0.128), (13, 332, 0.125), (14, 698, 0.12), (15, 200, 0.12), (16, 460, 0.12), (17, 813, 0.118), (18, 692, 0.116), (19, 204, 0.115), (20, 882, 0.115), (21, 1087, 0.115), (22, 599, 0.11), (23, 389, 0.11), (24, 823, 0.109), (25, 837, 0.108), (26, 883, 0.107), (27, 1000, 0.103), (28, 1078, 0.102), (29, 734, 0.098), (30, 940, 0.096), (31, 472, 0.096), (32, 879, 0.095), (33, 438, 0.094), (34, 1104, 0.092), (35, 842, 0.089), (36, 346, 0.089), (37, 1180, 0.088), (38, 767, 0.085), (39, 340, 0.083), (40, 1226, 0.083), (41, 826, 0.08), (42, 791, 0.08), (43, 910, 0.08), (44, 1151, 0.08), (45, 550, 0.078), (46, 459, 0.077), (47, 238, 0.077), (48, 326, 0.077), (49, 43, 0.077), (50, 1035, 0.075)]
71;[(1, 547, 0.439), (2, 910, 0.207), (3, 56, 0.2), (4, 266, 0.18), (5, 796, 0.159), (6, 942, 0.146), (7, 380, 0.138), (8, 1216, 0.133), (9, 1155, 0.129), (10, 148, 0.128), (11, 175, 0.123), (12, 492, 0.121), (13, 1002, 0.117), (14, 373, 0.116), (15, 1219, 0.114), (16, 513, 0.113), (17, 378, 0.112), (18, 247, 0.112), (19, 778, 0.107), (20, 692, 0.104), (21, 319, 0.101), (22, 1064, 0.1), (23, 99, 0.098), (24, 97, 0.096), (25, 1117, 0.093), (26, 1080, 0.093), (27, 600, 0.093), (28, 204, 0.092), (29, 908, 0.092), (30, 997, 0.091), (31, 690, 0.089), (32, 641, 0.089), (33, 731, 0.088), (34, 882, 0.084), (35, 835, 0.082), (36, 1169, 0.08), (37, 761, 0.077), (38, 473, 0.077), (39, 764, 0.076), (40, 900, 0.075), (41, 262, 0.073), (42, 1109, 0.073), (43, 94, 0.071), (44, 220, 0.07), (45, 297, 0.07), (46, 906, 0.07), (47, 60, 0.07), (48, 815, 0.069), (49, 446, 0.069), (50, 261, 0.068)]
72;[(1, 771, 0.486), (2, 683, 0.381), (3, 732, 0.319), (4, 682, 0.237), (5, 1125, 0.2), (6, 250, 0.2), (7, 733, 0.169), (8, 982, 0.154), (9, 23, 0.152), (10, 685, 0.146), (11, 461, 0.141), (12, 15, 0.134), (13, 1226, 0.134), (14, 359, 0.129), (15, 1081, 0.129), (16, 370, 0.116), (17, 489, 0.116), (18, 435, 0.115), (19, 322, 0.115), (20, 332, 0.112), (21, 29, 0.112), (22, 196, 0.107), (23, 460, 0.107), (24, 813, 0.105), (25, 398, 0.103), (26, 1087, 0.102), (27, 89, 0.098), (28, 389, 0.098), (29, 823, 0.097), (30, 837, 0.097), (31, 883, 0.095), (32, 333, 0.093), (33, 58, 0.093), (34, 1078, 0.091), (35, 698, 0.091), (36, 734, 0.087), (37, 940, 0.086), (38, 11, 0.082), (39, 1180, 0.079), (40, 473, 0.077), (41, 442, 0.076), (42, 387, 0.075), (43, 817, 0.073), (44, 641, 0.073), (45, 826, 0.072), (46, 1093, 0.072), (47, 791, 0.072), (48, 1151, 0.071), (49, 736, 0.07), (50, 459, 0.069)]
73;[(1, 224, 0.37), (2, 630, 0.365), (3, 227, 0.32), (4, 536, 0.276), (5, 1164, 0.263), (6, 50, 0.254), (7, 604, 0.222), (8, 546, 0.208), (9, 1197, 0.2), (10, 1169, 0.178), (11, 1099, 0.163), (12, 496, 0.158), (13, 820, 0.157), (14, 1048, 0.155), (15, 844, 0.144), (16, 629, 0.144), (17, 369, 0.14), (18, 341, 0.136), (19, 1078, 0.125), (20, 438, 0.125), (21, 429, 0.121), (22, 698, 0.12), (23, 734, 0.12), (24, 912, 0.119), (25, 1104, 0.117), (26, 323, 0.11), (27, 806, 0.109), (28, 340, 0.108), (29, 980, 0.108), (30, 359, 0.105), (31, 1227, 0.102), (32, 823, 0.098), (33, 711, 0.098), (34, 563, 0.098), (35, 945, 0.092), (36, 843, 0.091), (37, 1180, 0.088), (38, 253, 0.085), (39, 316, 0.082), (40, 296, 0.082), (41, 964, 0.082), (42, 11, 0.082), (43, 459, 0.077), (44, 580, 0.076), (45, 1049, 0.075), (46, 458, 0.074), (47, 159, 0.074), (48, 1172, 0.074), (49, 237, 0.074), (50, 1229, 0.073)]
74;[(1, 914, 0.37), (2, 885, 0.22), (3, 910, 0.201), (4, 160, 0.191), (5, 155, 0.175), (6, 590, 0.17), (7, 1170, 0.167), (8, 842, 0.163), (9, 761, 0.162), (10, 1012, 0.138), (11, 980, 0.128), (12, 148, 0.126), (13, 782, 0.126), (14, 93, 0.121), (15, 11, 0.117), (16, 1189, 0.117), (17, 154, 0.116), (18, 913, 0.115), (19, 192, 0.114), (20, 354, 0.114), (21, 1, 0.106), (22, 833, 0.106), (23, 473, 0.105), (24, 733, 0.1), (25, 736, 0.099), (26, 582, 0.098), (27, 1099, 0.098), (28, 1067, 0.094), (29, 1091, 0.092), (30, 886, 0.091), (31, 1112, 0.091), (32, 912, 0.09), (33, 550, 0.089), (34, 711, 0.089), (35, 46, 0.086), (36, 814, 0.084), (37, 587, 0.084), (38, 1045, 0.084), (39, 552, 0.083), (40, 385, 0.082), (41, 347, 0.082), (42, 346, 0.082), (43, 571, 0.08), (44, 879, 0.077), (45, 138, 0.074), (46, 825, 0.074), (47, 601, 0.073), (48, 206, 0.071), (49, 459, 0.071), (50, 1080, 0.07)]
75;[(1, 241, 0.315), (2, 948, 0.263), (3, 446, 0.262), (4, 1004, 0.223), (5, 316, 0.214), (6, 519, 0.185), (7, 1234, 0.174), (8, 100, 0.164), (9, 1151, 0.163), (10, 473, 0.151), (11, 842, 0.143), (12, 370, 0.14), (13, 460, 0.131), (14, 359, 0.129), (15, 1226, 0.126), (16, 57, 0.124), (17, 332, 0.123), (18, 333, 0.117), (19, 17, 0.116), (20, 751, 0.114), (21, 684, 0.109), (22, 1081, 0.109), (23, 611, 0.108), (24, 677, 0.106), (25, 1177, 0.105), (26, 89, 0.101), (27, 489, 0.098), (28, 199, 0.096), (29, 422, 0.096), (30, 546, 0.094), (31, 903, 0.094), (32, 238, 0.094), (33, 27, 0.094), (34, 1112, 0.092), (35, 1071, 0.092), (36, 915, 0.091), (37, 1171, 0.09), (38, 813, 0.089), (39, 1087, 0.087), (40, 597, 0.084), (41, 189, 0.084), (42, 64, 0.084), (43, 599, 0.083), (44, 987, 0.083), (45, 389, 0.083), (46, 823, 0.082), (47, 837, 0.082), (48, 883, 0.081), (49, 159, 0.08), (50, 1000, 0.078)]
76;[(1, 1188, 0.335), (2, 64, 0.252), (3, 1007, 0.239), (4, 1073, 0.223), (5, 814, 0.209), (6, 699, 0.199), (7, 437, 0.194), (8, 819, 0.185), (9, 1039, 0.182), (10, 606, 0.163), (11, 1038, 0.156), (12, 242, 0.15), (13, 358, 0.15), (14, 821, 0.138), (15, 341, 0.135), (16, 1195, 0.12), (17, 1151, 0.12), (18, 1071, 0.12), (19, 473, 0.119), (20, 1110, 0.116), (21, 1149, 0.116), (22, 546, 0.113), (23, 450, 0.113), (24, 24, 0.113), (25, 1078, 0.112), (26, 262, 0.107), (27, 536, 0.104), (28, 990, 0.104), (29, 1081, 0.102), (30, 225, 0.097), (31, 1227, 0.096), (32, 1067, 0.094), (33, 227, 0.094), (34, 27, 0.094), (35, 32, 0.093), (36, 791, 0.091), (37, 62, 0.09), (38, 1048, 0.09), (39, 477, 0.09), (40, 1171, 0.09), (41, 372, 0.089), (42, 959, 0.089), (43, 1234, 0.087), (44, 1040, 0.087), (45, 163, 0.085), (46, 842, 0.084), (47, 629, 0.084), (48, 511, 0.083), (49, 550, 0.083), (50, 1212, 0.082)]
77;[(1, 754, 0.325), (2, 502, 0.295), (3, 437, 0.245), (4, 498, 0.24), (5, 481, 0.218), (6, 969, 0.192), (7, 289, 0.18), (8, 151, 0.175), (9, 196, 0.174), (10, 501, 0.171), (11, 592, 0.157), (12, 814, 0.15), (13, 925, 0.145), (14, 680, 0.14), (15, 699, 0.135), (16, 64, 0.134), (17, 499, 0.126), (18, 511, 0.121), (19, 224, 0.121), (20, 1181, 0.118), (21, 711, 0.115), (22, 1035, 0.113), (23, 242, 0.108), (24, 262, 0.107), (25, 484, 0.107), (26, 748, 0.105), (27, 320, 0.105), (28, 1038, 0.104), (29, 536, 0.104), (30, 35, 0.104), (31, 990, 0.104), (32, 975, 0.099), (33, 827, 0.099), (34, 746, 0.097), (35, 1131, 0.097), (36, 133, 0.097), (37, 1227, 0.096), (38, 1078, 0.094), (39, 227, 0.094), (40, 32, 0.093), (41, 1149, 0.093), (42, 463, 0.093), (43, 189, 0.092), (44, 1064, 0.091), (45, 302, 0.091), (46, 62, 0.09), (47, 50, 0.09), (48, 1171, 0.09), (49, 175, 0.089), (50, 686, 0.088)]
78;[(1, 1087, 0.184), (2, 200, 0.184), (3, 452, 0.177), (4, 43, 0.172), (5, 1179, 0.161), (6, 1093, 0.139), (7, 607, 0.135), (8, 165, 0.125), (9, 332, 0.124), (10, 586, 0.122), (11, 883, 0.122), (12, 359, 0.121), (13, 192, 0.12), (14, 945, 0.118), (15, 510, 0.115), (16, 837, 0.112), (17, 282, 0.11), (18, 326, 0.109), (19, 118, 0.108), (20, 823, 0.108), (21, 1182, 0.106), (22, 944, 0.104), (23, 153, 0.104), (24, 767, 0.103), (25, 1081, 0.102), (26, 552, 0.101), (27, 734, 0.1), (28, 1086, 0.099), (29, 941, 0.095), (30, 179, 0.094), (31, 1165, 0.093), (32, 370, 0.092), (33, 473, 0.091), (34, 1078, 0.088), (35, 431, 0.088), (36, 428, 0.088), (37, 218, 0.087), (38, 1181, 0.087), (39, 427, 0.087), (40, 1112, 0.086), (41, 537, 0.086), (42, 1090, 0.085), (43, 680, 0.085), (44, 460, 0.085), (45, 912, 0.084), (46, 84, 0.084), (47, 554, 0.083), (48, 434, 0.083), (49, 813, 0.083), (50, 102, 0.08)]
79;[(1, 945, 0.259), (2, 452, 0.188), (3, 1179, 0.186), (4, 552, 0.175), (5, 200, 0.171), (6, 1066, 0.17), (7, 389, 0.162), (8, 1091, 0.162), (9, 326, 0.157), (10, 758, 0.151), (11, 1101, 0.148), (12, 455, 0.145), (13, 460, 0.142), (14, 238, 0.141), (15, 1087, 0.136), (16, 337, 0.132), (17, 791, 0.131), (18, 594, 0.13), (19, 673, 0.128), (20, 1112, 0.127), (21, 282, 0.126), (22, 1234, 0.126), (23, 912, 0.125), (24, 544, 0.12), (25, 359, 0.118), (26, 1081, 0.118), (27, 734, 0.115), (28, 1190, 0.115), (29, 320, 0.113), (30, 159, 0.113), (31, 1093, 0.109), (32, 179, 0.109), (33, 473, 0.105), (34, 332, 0.102), (35, 767, 0.1), (36, 15, 0.099), (37, 1090, 0.098), (38, 813, 0.096), (39, 616, 0.094), (40, 993, 0.09), (41, 89, 0.09), (42, 1071, 0.09), (43, 543, 0.089), (44, 823, 0.089), (45, 315, 0.089), (46, 837, 0.088), (47, 883, 0.087), (48, 396, 0.087), (49, 1171, 0.086), (50, 19, 0.085)]
80;[(1, 1227, 0.232), (2, 1111, 0.204), (3, 1078, 0.189), (4, 945, 0.189), (5, 1090, 0.16), (6, 541, 0.143), (7, 1180, 0.131), (8, 159, 0.128), (9, 696, 0.117), (10, 823, 0.116), (11, 27, 0.115), (12, 753, 0.114), (13, 438, 0.111), (14, 684, 0.103), (15, 326, 0.103), (16, 123, 0.103), (17, 963, 0.102), (18, 698, 0.101), (19, 546, 0.1), (20, 279, 0.098), (21, 767, 0.089), (22, 90, 0.086), (23, 1234, 0.085), (24, 510, 0.083), (25, 742, 0.081), (26, 799, 0.078), (27, 111, 0.077), (28, 316, 0.075), (29, 914, 0.074), (30, 1093, 0.071), (31, 1181, 0.071), (32, 296, 0.071), (33, 464, 0.071), (34, 672, 0.07), (35, 413, 0.069), (36, 1101, 0.069), (37, 782, 0.068), (38, 634, 0.068), (39, 1057, 0.067), (40, 61, 0.065), (41, 563, 0.065), (42, 460, 0.065), (43, 1071, 0.065), (44, 450, 0.064), (45, 891, 0.063), (46, 152, 0.062), (47, 912, 0.062), (48, 49, 0.062), (49, 281, 0.061), (50, 1082, 0.061)]
81;[(1, 546, 0.354), (2, 945, 0.238), (3, 542, 0.232), (4, 592, 0.23), (5, 326, 0.22), (6, 321, 0.207), (7, 823, 0.169), (8, 1078, 0.167), (9, 458, 0.148), (10, 1081, 0.141), (11, 359, 0.14), (12, 21, 0.126), (13, 1180, 0.12), (14, 813, 0.12), (15, 964, 0.119), (16, 193, 0.116), (17, 389, 0.112), (18, 1151, 0.111), (19, 332, 0.102), (20, 1003, 0.102), (21, 1029, 0.098), (22, 734, 0.098), (23, 460, 0.098), (24, 459, 0.094), (25, 1087, 0.094), (26, 510, 0.092), (27, 208, 0.092), (28, 742, 0.091), (29, 652, 0.091), (30, 1090, 0.09), (31, 89, 0.09), (32, 837, 0.088), (33, 1093, 0.087), (34, 883, 0.087), (35, 296, 0.087), (36, 159, 0.087), (37, 1092, 0.084), (38, 1227, 0.083), (39, 969, 0.083), (40, 1035, 0.082), (41, 696, 0.082), (42, 563, 0.08), (43, 940, 0.079), (44, 1066, 0.077), (45, 370, 0.076), (46, 1149, 0.075), (47, 838, 0.073), (48, 225, 0.073), (49, 1112, 0.073), (50, 473, 0.07)]
82;[(1, 93, 0.31), (2, 90, 0.191), (3, 552, 0.183), (4, 699, 0.18), (5, 990, 0.168), (6, 1234, 0.167), (7, 64, 0.163), (8, 389, 0.162), (9, 814, 0.162), (10, 437, 0.154), (11, 1087, 0.153), (12, 359, 0.15), (13, 599, 0.147), (14, 262, 0.14), (15, 1171, 0.14), (16, 498, 0.139), (17, 1151, 0.139), (18, 332, 0.133), (19, 242, 0.13), (20, 543, 0.128), (21, 227, 0.128), (22, 326, 0.126), (23, 253, 0.126), (24, 460, 0.124), (25, 32, 0.123), (26, 546, 0.122), (27, 159, 0.122), (28, 1081, 0.118), (29, 473, 0.117), (30, 837, 0.116), (31, 1190, 0.115), (32, 1038, 0.113), (33, 536, 0.113), (34, 89, 0.11), (35, 63, 0.11), (36, 62, 0.106), (37, 370, 0.106), (38, 133, 0.104), (39, 763, 0.104), (40, 821, 0.102), (41, 1091, 0.1), (42, 934, 0.1), (43, 25, 0.1), (44, 582, 0.098), (45, 511, 0.098), (46, 502, 0.097), (47, 135, 0.097), (48, 813, 0.096), (49, 24, 0.096), (50, 1093, 0.095)]
83;[(1, 18, 0.329), (2, 829, 0.222), (3, 1203, 0.22), (4, 192, 0.164), (5, 629, 0.162), (6, 669, 0.147), (7, 166, 0.144), (8, 699, 0.139), (9, 990, 0.13), (10, 552, 0.129), (11, 224, 0.128), (12, 64, 0.126), (13, 814, 0.125), (14, 437, 0.12), (15, 1051, 0.117), (16, 1063, 0.109), (17, 262, 0.109), (18, 1171, 0.108), (19, 498, 0.108), (20, 1102, 0.102), (21, 1237, 0.1), (22, 609, 0.098), (23, 463, 0.097), (24, 32, 0.095), (25, 242, 0.09), (26, 432, 0.089), (27, 1190, 0.089), (28, 1038, 0.087), (29, 536, 0.087), (30, 922, 0.086), (31, 63, 0.085), (32, 1071, 0.085), (33, 1173, 0.084), (34, 501, 0.083), (35, 62, 0.082), (36, 578, 0.082), (37, 599, 0.082), (38, 445, 0.081), (39, 133, 0.081), (40, 763, 0.08), (41, 821, 0.079), (42, 310, 0.079), (43, 227, 0.079), (44, 371, 0.077), (45, 934, 0.077), (46, 333, 0.076), (47, 582, 0.076), (48, 511, 0.076), (49, 24, 0.074), (50, 1170, 0.073)]
84;[(1, 778, 0.286), (2, 555, 0.274), (3, 912, 0.27), (4, 469, 0.265), (5, 922, 0.247), (6, 588, 0.227), (7, 668, 0.222), (8, 160, 0.209), (9, 479, 0.204), (10, 460, 0.204), (11, 282, 0.201), (12, 159, 0.2), (13, 905, 0.196), (14, 1091, 0.193), (15, 550, 0.191), (16, 590, 0.187), (17, 62, 0.186), (18, 1112, 0.181), (19, 384, 0.179), (20, 1, 0.177), (21, 790, 0.176), (22, 1171, 0.172), (23, 1065, 0.171), (24, 8, 0.169), (25, 718, 0.169), (26, 890, 0.167), (27, 1071, 0.159), (28, 784, 0.156), (29, 989, 0.156), (30, 6, 0.154), (31, 178, 0.154), (32, 80, 0.151), (33, 884, 0.15), (34, 753, 0.149), (35, 447, 0.149), (36, 589, 0.148), (37, 987, 0.147), (38, 81, 0.144), (39, 427, 0.142), (40, 177, 0.141), (41, 7, 0.139), (42, 273, 0.134), (43, 457, 0.132), (44, 802, 0.131), (45, 986, 0.129), (46, 346, 0.127), (47, 800, 0.127), (48, 459, 0.126), (49, 458, 0.122), (50, 188, 0.12)]
85;[(1, 62, 0.266), (2, 1065, 0.237), (3, 160, 0.227), (4, 761, 0.211), (5, 790, 0.192), (6, 541, 0.192), (7, 487, 0.19), (8, 432, 0.186), (9, 588, 0.181), (10, 590, 0.179), (11, 111, 0.178), (12, 262, 0.171), (13, 427, 0.167), (14, 814, 0.162), (15, 1171, 0.161), (16, 550, 0.153), (17, 499, 0.151), (18, 1170, 0.147), (19, 699, 0.145), (20, 64, 0.145), (21, 903, 0.145), (22, 437, 0.143), (23, 202, 0.136), (24, 1091, 0.131), (25, 133, 0.13), (26, 989, 0.126), (27, 517, 0.126), (28, 188, 0.12), (29, 618, 0.117), (30, 242, 0.117), (31, 609, 0.116), (32, 1038, 0.113), (33, 536, 0.113), (34, 812, 0.112), (35, 990, 0.112), (36, 1118, 0.111), (37, 110, 0.111), (38, 769, 0.11), (39, 459, 0.11), (40, 988, 0.106), (41, 227, 0.102), (42, 719, 0.102), (43, 32, 0.1), (44, 987, 0.098), (45, 1, 0.098), (46, 1015, 0.097), (47, 24, 0.096), (48, 497, 0.095), (49, 1102, 0.095), (50, 452, 0.094)]
86;[(1, 922, 0.313), (2, 668, 0.289), (3, 62, 0.289), (4, 905, 0.25), (5, 160, 0.237), (6, 555, 0.221), (7, 778, 0.219), (8, 986, 0.218), (9, 1091, 0.212), (10, 912, 0.21), (11, 1171, 0.205), (12, 8, 0.204), (13, 282, 0.203), (14, 550, 0.198), (15, 903, 0.192), (16, 718, 0.189), (17, 469, 0.187), (18, 1112, 0.186), (19, 1077, 0.181), (20, 588, 0.18), (21, 81, 0.176), (22, 790, 0.164), (23, 460, 0.163), (24, 135, 0.16), (25, 923, 0.159), (26, 590, 0.156), (27, 989, 0.151), (28, 589, 0.147), (29, 1065, 0.144), (30, 987, 0.144), (31, 479, 0.144), (32, 159, 0.141), (33, 271, 0.14), (34, 887, 0.139), (35, 1, 0.138), (36, 1071, 0.134), (37, 437, 0.133), (38, 394, 0.129), (39, 346, 0.128), (40, 80, 0.128), (41, 6, 0.128), (42, 699, 0.127), (43, 110, 0.127), (44, 384, 0.127), (45, 61, 0.125), (46, 200, 0.121), (47, 990, 0.119), (48, 890, 0.118), (49, 983, 0.118), (50, 552, 0.118)]
87;[(1, 437, 0.188), (2, 699, 0.18), (3, 1171, 0.172), (4, 990, 0.168), (5, 552, 0.167), (6, 64, 0.163), (7, 814, 0.162), (8, 903, 0.145), (9, 262, 0.14), (10, 498, 0.139), (11, 1091, 0.123), (12, 32, 0.123), (13, 242, 0.117), (14, 1190, 0.115), (15, 1038, 0.113), (16, 536, 0.113), (17, 63, 0.11), (18, 394, 0.109), (19, 481, 0.109), (20, 1169, 0.109), (21, 62, 0.106), (22, 599, 0.106), (23, 133, 0.104), (24, 763, 0.104), (25, 860, 0.102), (26, 227, 0.102), (27, 821, 0.102), (28, 934, 0.1), (29, 582, 0.098), (30, 511, 0.098), (31, 501, 0.097), (32, 24, 0.096), (33, 17, 0.094), (34, 1147, 0.094), (35, 386, 0.094), (36, 473, 0.093), (37, 1194, 0.093), (38, 623, 0.091), (39, 550, 0.089), (40, 964, 0.089), (41, 195, 0.089), (42, 1131, 0.087), (43, 1024, 0.086), (44, 1237, 0.086), (45, 389, 0.084), (46, 237, 0.083), (47, 875, 0.082), (48, 340, 0.082), (49, 987, 0.082), (50, 1093, 0.08)]
88;[(1, 62, 0.275), (2, 761, 0.267), (3, 1171, 0.204), (4, 790, 0.2), (5, 262, 0.195), (6, 1091, 0.193), (7, 699, 0.18), (8, 590, 0.179), (9, 437, 0.177), (10, 432, 0.169), (11, 990, 0.168), (12, 614, 0.168), (13, 552, 0.167), (14, 427, 0.167), (15, 588, 0.163), (16, 160, 0.163), (17, 64, 0.163), (18, 814, 0.162), (19, 1170, 0.157), (20, 111, 0.157), (21, 487, 0.153), (22, 989, 0.146), (23, 1102, 0.146), (24, 903, 0.145), (25, 498, 0.139), (26, 133, 0.139), (27, 987, 0.131), (28, 550, 0.128), (29, 32, 0.123), (30, 188, 0.12), (31, 1228, 0.119), (32, 517, 0.119), (33, 242, 0.117), (34, 988, 0.115), (35, 1190, 0.115), (36, 1065, 0.114), (37, 1038, 0.113), (38, 536, 0.113), (39, 812, 0.112), (40, 769, 0.11), (41, 459, 0.11), (42, 63, 0.11), (43, 599, 0.106), (44, 200, 0.106), (45, 763, 0.104), (46, 592, 0.102), (47, 227, 0.102), (48, 821, 0.102), (49, 1169, 0.1), (50, 934, 0.1)]
89;[(1, 469, 0.344), (2, 778, 0.247), (3, 912, 0.234), (4, 479, 0.2), (5, 905, 0.19), (6, 588, 0.189), (7, 760, 0.18), (8, 178, 0.18), (9, 460, 0.177), (10, 282, 0.174), (11, 159, 0.173), (12, 1091, 0.167), (13, 216, 0.165), (14, 890, 0.163), (15, 447, 0.163), (16, 590, 0.162), (17, 62, 0.161), (18, 845, 0.157), (19, 1, 0.154), (20, 790, 0.153), (21, 668, 0.149), (22, 1171, 0.149), (23, 987, 0.148), (24, 1065, 0.148), (25, 1071, 0.138), (26, 989, 0.135), (27, 6, 0.134), (28, 80, 0.131), (29, 884, 0.13), (30, 753, 0.129), (31, 589, 0.129), (32, 1077, 0.126), (33, 81, 0.124), (34, 432, 0.123), (35, 427, 0.123), (36, 177, 0.122), (37, 7, 0.12), (38, 1112, 0.118), (39, 802, 0.113), (40, 200, 0.113), (41, 800, 0.11), (42, 459, 0.109), (43, 239, 0.105), (44, 458, 0.105), (45, 260, 0.104), (46, 188, 0.104), (47, 79, 0.103), (48, 528, 0.102), (49, 913, 0.1), (50, 550, 0.099)]
90;[(1, 177, 0.444), (2, 7, 0.434), (3, 451, 0.421), (4, 884, 0.406), (5, 260, 0.36), (6, 912, 0.348), (7, 479, 0.307), (8, 778, 0.283), (9, 905, 0.272), (10, 589, 0.27), (11, 161, 0.254), (12, 265, 0.243), (13, 790, 0.243), (14, 1086, 0.238), (15, 346, 0.236), (16, 588, 0.236), (17, 178, 0.233), (18, 447, 0.231), (19, 469, 0.229), (20, 80, 0.229), (21, 1171, 0.205), (22, 460, 0.2), (23, 890, 0.199), (24, 753, 0.198), (25, 590, 0.192), (26, 459, 0.19), (27, 668, 0.186), (28, 1077, 0.186), (29, 427, 0.18), (30, 988, 0.177), (31, 282, 0.174), (32, 159, 0.173), (33, 176, 0.171), (34, 302, 0.171), (35, 556, 0.169), (36, 1091, 0.167), (37, 802, 0.165), (38, 987, 0.163), (39, 62, 0.161), (40, 555, 0.16), (41, 800, 0.158), (42, 1, 0.154), (43, 554, 0.152), (44, 1173, 0.149), (45, 874, 0.149), (46, 1065, 0.148), (47, 188, 0.146), (48, 81, 0.144), (49, 550, 0.144), (50, 989, 0.143)]
91;[(1, 791, 0.408), (2, 798, 0.288), (3, 643, 0.286), (4, 928, 0.231), (5, 715, 0.229), (6, 770, 0.211), (7, 830, 0.2), (8, 1124, 0.197), (9, 96, 0.193), (10, 440, 0.181), (11, 902, 0.18), (12, 652, 0.176), (13, 822, 0.175), (14, 392, 0.172), (15, 333, 0.169), (16, 688, 0.169), (17, 699, 0.167), (18, 763, 0.165), (19, 443, 0.164), (20, 875, 0.162), (21, 755, 0.162), (22, 657, 0.161), (23, 234, 0.16), (24, 990, 0.156), (25, 1206, 0.155), (26, 635, 0.153), (27, 921, 0.151), (28, 129, 0.15), (29, 814, 0.15), (30, 424, 0.147), (31, 1033, 0.146), (32, 64, 0.143), (33, 398, 0.138), (34, 150, 0.137), (35, 899, 0.135), (36, 210, 0.133), (37, 984, 0.131), (38, 314, 0.13), (39, 815, 0.128), (40, 719, 0.126), (41, 462, 0.123), (42, 437, 0.123), (43, 301, 0.12), (44, 262, 0.118), (45, 297, 0.118), (46, 32, 0.114), (47, 99, 0.113), (48, 68, 0.112), (49, 1017, 0.112), (50, 370, 0.112)]
92;[(1, 661, 0.338), (2, 1147, 0.312), (3, 942, 0.251), (4, 910, 0.251), (5, 354, 0.248), (6, 473, 0.247), (7, 258, 0.192), (8, 778, 0.173), (9, 764, 0.153), (10, 148, 0.151), (11, 1093, 0.144), (12, 766, 0.144), (13, 692, 0.134), (14, 204, 0.133), (15, 765, 0.133), (16, 513, 0.132), (17, 332, 0.13), (18, 1118, 0.126), (19, 472, 0.111), (20, 804, 0.11), (21, 1232, 0.105), (22, 346, 0.103), (23, 971, 0.099), (24, 767, 0.099), (25, 550, 0.09), (26, 213, 0.09), (27, 952, 0.089), (28, 858, 0.087), (29, 183, 0.085), (30, 882, 0.084), (31, 438, 0.084), (32, 474, 0.084), (33, 1195, 0.079), (34, 879, 0.078), (35, 446, 0.078), (36, 1173, 0.077), (37, 842, 0.077), (38, 783, 0.076), (39, 617, 0.076), (40, 1171, 0.076), (41, 731, 0.076), (42, 914, 0.075), (43, 1107, 0.074), (44, 541, 0.071), (45, 89, 0.07), (46, 392, 0.07), (47, 599, 0.069), (48, 200, 0.069), (49, 824, 0.069), (50, 422, 0.069)]
93;[(1, 955, 0.295), (2, 435, 0.218), (3, 705, 0.203), (4, 1143, 0.19), (5, 1223, 0.135), (6, 1197, 0.133), (7, 431, 0.125), (8, 566, 0.116), (9, 1234, 0.115), (10, 69, 0.115), (11, 264, 0.102), (12, 442, 0.098), (13, 395, 0.093), (14, 1156, 0.088), (15, 1013, 0.082), (16, 311, 0.079), (17, 359, 0.079), (18, 1182, 0.079), (19, 1199, 0.077), (20, 1168, 0.077), (21, 903, 0.073), (22, 882, 0.073), (23, 721, 0.07), (24, 220, 0.069), (25, 1123, 0.068), (26, 745, 0.068), (27, 549, 0.068), (28, 652, 0.067), (29, 1174, 0.065), (30, 670, 0.063), (31, 403, 0.061), (32, 600, 0.06), (33, 362, 0.059), (34, 87, 0.057), (35, 1091, 0.057), (36, 605, 0.057), (37, 581, 0.057), (38, 342, 0.056), (39, 641, 0.055), (40, 125, 0.054), (41, 627, 0.054), (42, 78, 0.054), (43, 1001, 0.054), (44, 807, 0.053), (45, 740, 0.053), (46, 504, 0.053), (47, 344, 0.052), (48, 946, 0.052), (49, 43, 0.051), (50, 541, 0.051)]
94;[(1, 30, 0.243), (2, 606, 0.191), (3, 516, 0.148), (4, 364, 0.147), (5, 883, 0.143), (6, 490, 0.14), (7, 594, 0.138), (8, 499, 0.133), (9, 1110, 0.131), (10, 504, 0.129), (11, 1223, 0.126), (12, 64, 0.126), (13, 1206, 0.116), (14, 566, 0.115), (15, 51, 0.113), (16, 793, 0.111), (17, 814, 0.111), (18, 1004, 0.108), (19, 1151, 0.103), (20, 1081, 0.102), (21, 149, 0.098), (22, 357, 0.093), (23, 1079, 0.093), (24, 204, 0.092), (25, 791, 0.091), (26, 480, 0.09), (27, 964, 0.089), (28, 959, 0.089), (29, 288, 0.089), (30, 1074, 0.087), (31, 309, 0.086), (32, 211, 0.085), (33, 352, 0.085), (34, 343, 0.085), (35, 1038, 0.085), (36, 242, 0.084), (37, 874, 0.084), (38, 370, 0.084), (39, 906, 0.083), (40, 190, 0.083), (41, 546, 0.082), (42, 437, 0.082), (43, 736, 0.081), (44, 611, 0.081), (45, 366, 0.08), (46, 150, 0.08), (47, 300, 0.08), (48, 1237, 0.08), (49, 1156, 0.078), (50, 163, 0.077)]
95;[(1, 455, 0.305), (2, 871, 0.147), (3, 594, 0.146), (4, 1087, 0.118), (5, 332, 0.115), (6, 941, 0.115), (7, 473, 0.111), (8, 559, 0.11), (9, 370, 0.105), (10, 727, 0.105), (11, 431, 0.104), (12, 537, 0.103), (13, 322, 0.1), (14, 43, 0.1), (15, 552, 0.094), (16, 29, 0.094), (17, 197, 0.093), (18, 1005, 0.092), (19, 1083, 0.091), (20, 402, 0.09), (21, 1232, 0.088), (22, 63, 0.086), (23, 1019, 0.086), (24, 582, 0.085), (25, 545, 0.085), (26, 342, 0.085), (27, 1163, 0.085), (28, 964, 0.084), (29, 687, 0.083), (30, 722, 0.082), (31, 1088, 0.082), (32, 673, 0.081), (33, 1084, 0.079), (34, 719, 0.079), (35, 118, 0.079), (36, 369, 0.078), (37, 297, 0.077), (38, 942, 0.077), (39, 172, 0.076), (40, 133, 0.075), (41, 911, 0.075), (42, 392, 0.075), (43, 119, 0.075), (44, 76, 0.074), (45, 82, 0.074), (46, 454, 0.074), (47, 888, 0.074), (48, 427, 0.072), (49, 982, 0.072), (50, 898, 0.072)]
96;[(1, 383, 0.267), (2, 539, 0.257), (3, 751, 0.235), (4, 118, 0.231), (5, 6, 0.227), (6, 757, 0.196), (7, 958, 0.192), (8, 490, 0.189), (9, 125, 0.189), (10, 1185, 0.185), (11, 568, 0.184), (12, 140, 0.184), (13, 416, 0.181), (14, 44, 0.181), (15, 765, 0.174), (16, 710, 0.173), (17, 435, 0.165), (18, 566, 0.155), (19, 154, 0.15), (20, 1201, 0.148), (21, 711, 0.148), (22, 571, 0.148), (23, 924, 0.147), (24, 562, 0.146), (25, 418, 0.144), (26, 766, 0.142), (27, 135, 0.139), (28, 655, 0.136), (29, 453, 0.134), (30, 1237, 0.129), (31, 504, 0.129), (32, 570, 0.126), (33, 121, 0.126), (34, 397, 0.124), (35, 594, 0.12), (36, 691, 0.119), (37, 1175, 0.117), (38, 624, 0.115), (39, 236, 0.113), (40, 364, 0.112), (41, 426, 0.111), (42, 165, 0.11), (43, 300, 0.109), (44, 230, 0.108), (45, 20, 0.108), (46, 393, 0.107), (47, 605, 0.107), (48, 124, 0.105), (49, 235, 0.104), (50, 199, 0.104)]
97;[(1, 1118, 0.213), (2, 180, 0.199), (3, 1018, 0.189), (4, 1214, 0.171), (5, 516, 0.162), (6, 791, 0.159), (7, 562, 0.14), (8, 505, 0.13), (9, 1151, 0.12), (10, 64, 0.118), (11, 945, 0.113), (12, 1152, 0.113), (13, 1156, 0.111), (14, 316, 0.107), (15, 546, 0.107), (16, 498, 0.101), (17, 1091, 0.1), (18, 957, 0.099), (19, 484, 0.099), (20, 1078, 0.094), (21, 360, 0.09), (22, 432, 0.09), (23, 1149, 0.085), (24, 598, 0.085), (25, 629, 0.084), (26, 906, 0.083), (27, 915, 0.083), (28, 532, 0.082), (29, 1109, 0.077), (30, 1090, 0.076), (31, 394, 0.074), (32, 199, 0.074), (33, 823, 0.074), (34, 563, 0.074), (35, 422, 0.073), (36, 1081, 0.073), (37, 1184, 0.072), (38, 81, 0.07), (39, 163, 0.069), (40, 169, 0.068), (41, 1092, 0.066), (42, 821, 0.065), (43, 833, 0.065), (44, 1071, 0.065), (45, 133, 0.064), (46, 581, 0.064), (47, 1227, 0.064), (48, 699, 0.064), (49, 1008, 0.063), (50, 719, 0.063)]
98;[(1, 268, 0.452), (2, 449, 0.394), (3, 324, 0.284), (4, 594, 0.183), (5, 364, 0.171), (6, 1110, 0.133), (7, 490, 0.126), (8, 300, 0.122), (9, 504, 0.122), (10, 117, 0.115), (11, 566, 0.113), (12, 352, 0.106), (13, 856, 0.1), (14, 1223, 0.096), (15, 59, 0.092), (16, 1237, 0.091), (17, 84, 0.088), (18, 571, 0.088), (19, 1057, 0.087), (20, 1135, 0.086), (21, 1063, 0.086), (22, 190, 0.084), (23, 608, 0.084), (24, 964, 0.084), (25, 872, 0.082), (26, 501, 0.082), (27, 204, 0.081), (28, 921, 0.08), (29, 814, 0.08), (30, 149, 0.08), (31, 691, 0.079), (32, 383, 0.079), (33, 172, 0.078), (34, 1171, 0.076), (35, 711, 0.075), (36, 562, 0.074), (37, 1105, 0.074), (38, 480, 0.073), (39, 339, 0.072), (40, 776, 0.072), (41, 505, 0.072), (42, 210, 0.071), (43, 541, 0.071), (44, 587, 0.07), (45, 811, 0.069), (46, 1192, 0.068), (47, 1156, 0.068), (48, 959, 0.068), (49, 906, 0.067), (50, 524, 0.067)]
99;[(1, 183, 0.46), (2, 579, 0.321), (3, 871, 0.186), (4, 1017, 0.175), (5, 594, 0.163), (6, 359, 0.129), (7, 1081, 0.129), (8, 370, 0.116), (9, 473, 0.115), (10, 402, 0.114), (11, 332, 0.112), (12, 460, 0.107), (13, 813, 0.105), (14, 1087, 0.102), (15, 727, 0.101), (16, 369, 0.098), (17, 89, 0.098), (18, 389, 0.098), (19, 823, 0.097), (20, 837, 0.097), (21, 883, 0.095), (22, 82, 0.094), (23, 1019, 0.094), (24, 559, 0.093), (25, 1078, 0.091), (26, 427, 0.091), (27, 1083, 0.089), (28, 514, 0.089), (29, 734, 0.087), (30, 940, 0.086), (31, 392, 0.081), (32, 1180, 0.079), (33, 898, 0.078), (34, 800, 0.077), (35, 982, 0.077), (36, 250, 0.076), (37, 1226, 0.075), (38, 964, 0.073), (39, 826, 0.072), (40, 968, 0.072), (41, 1093, 0.072), (42, 791, 0.072), (43, 1151, 0.071), (44, 725, 0.07), (45, 459, 0.069), (46, 238, 0.069), (47, 1234, 0.069), (48, 326, 0.069), (49, 1005, 0.068), (50, 1035, 0.067)]
